_step,train/loss,train/reward,train/kl,train/grad_norm,train/rewards/reward_fn/mean,train/rewards/reward_fn/std,train/reward_std,train/entropy,train/completions/min_terminated_length,train/completions/max_terminated_length,train/completions/mean_terminated_length,train/completions/min_length,train/completions/max_length,train/completions/mean_length,train/completions/clipped_ratio
50,2.5263428688049318e-05,0.31799076199531556,0.0006220684037543834,0.4357741177082062,0.31799076199531556,0.4510293364524841,0.4510293364524841,1.4749194741249085,20.2,47.6,33.3,20.2,47.6,33.3,0.0
102,3.850609064102173e-05,-0.11568588614463807,0.0009667222970165312,0.4568772614002228,-0.11568588614463807,0.4040665507316589,0.40406654477119447,1.6443588614463807,17.2,50.0,33.6125,17.2,50.0,33.6125,0.0
154,3.80784273147583e-05,1.2943564735352993,0.000953436124837026,0.40648511052131653,1.2943564735352993,0.506114912033081,0.5061149001121521,1.4299749732017517,24.0,49.2,33.925,24.0,49.2,33.925,0.0
206,3.859773278236389e-05,0.10981002785265445,0.000972174759954214,0.43367305397987366,0.10981002785265445,0.4424132466316223,0.4424132347106934,1.451663613319397,20.4,45.8,31.3,20.4,45.8,31.3,0.0
258,3.599673509597778e-05,-0.19043542593717575,0.0008978701604064554,0.41057440638542175,-0.19043542593717575,0.45583456158638,0.45583452880382536,1.2544089674949646,22.0,51.0,34.0375,22.0,51.0,34.0375,0.0
310,3.571808338165283e-05,1.025803405046463,0.0008993419876787811,0.43988656997680664,1.025803405046463,0.3857293248176575,0.38572930693626406,1.530417537689209,24.8,50.0,35.475,24.8,50.0,35.475,0.0
362,4.075020551681518e-05,0.04191874563694,0.0010131869465112686,0.42919275164604187,0.04191874563694,0.3349316954612732,0.3349316745996475,1.5339179754257202,19.6,49.4,33.2625,19.6,49.4,33.2625,0.0
414,3.9142370223999026e-05,0.13584630489349364,0.0009826405497733504,0.4378146529197693,0.13584630489349364,0.38563365042209624,0.38563362658023836,1.557435154914856,19.8,49.2,33.775,19.8,49.2,33.775,0.0
466,4.22060489654541e-05,-0.10565236508846283,0.0010474023467395455,0.47131282091140747,-0.10565236508846283,0.44125733375549314,0.44125733375549314,1.5872549653053283,17.8,46.2,32.775,17.8,46.2,32.775,0.0
518,4.2390823364257815e-05,0.23752011507749557,0.0010691374889574945,0.3768078684806824,0.23752011507749557,0.46822373270988465,0.4682237207889557,1.5199923157691955,19.4,48.4,31.6875,19.4,48.4,31.6875,0.0
570,4.094168543815613e-05,0.37915422320365905,0.0010322362941224128,0.4305967688560486,0.37915422320365905,0.41280431151390073,0.41280431747436525,1.6029568672180177,20.0,52.4,35.725,20.0,52.4,35.725,0.0
622,3.763139247894287e-05,-0.12538423538208007,0.0009318647673353553,0.45615828037261963,-0.12538423538208007,0.4836656928062439,0.4836656928062439,1.505717897415161,20.2,47.8,34.6875,20.2,47.8,34.6875,0.0
674,4.199296236038208e-05,-0.08940096348524093,0.0010283635696396233,0.4135831594467163,-0.08940096348524093,0.35624814331531524,0.35624812841415404,1.592083990573883,20.8,46.2,31.7125,20.8,46.2,31.7125,0.0
726,3.622770309448242e-05,1.5132529072463512,0.0009116186876781285,0.5731638669967651,1.5132529072463512,0.35936889946460726,0.35936889201402666,1.2949007272720336,20.0,49.0,33.275,20.0,49.0,33.275,0.0
778,4.1243433952331546e-05,-0.18335283398628235,0.0010084172419738025,0.47462379932403564,-0.18335283398628235,0.42212300300598143,0.42212297320365905,1.679763424396515,21.6,53.4,35.525,21.6,53.4,35.525,0.0
830,4.3764710426330566e-05,0.05190042555332184,0.0010845677636098117,0.53188556432724,0.05190042555332184,0.49322634339332583,0.4932263016700745,1.5003570079803468,21.0,47.8,32.4,21.0,47.8,32.4,0.0
882,4.0434300899505615e-05,1.397383263707161,0.0010100796120241285,0.47591713070869446,1.397383263707161,0.4160361111164093,0.4160360753536224,1.614935612678528,20.4,49.0,33.875,20.4,49.0,33.875,0.0
934,4.4022500514984134e-05,0.9508696079254151,0.0011030286841560155,0.43506118655204773,0.9508696079254151,0.32048240303993225,0.3204823821783066,1.3960079550743103,21.8,46.2,32.425,21.8,46.2,32.425,0.0
986,5.2024424076080325e-05,0.21054884940385818,0.0012929750490002334,0.473499596118927,0.21054884940385818,0.4022979736328125,0.4022979736328125,1.5174597382545472,20.4,47.2,32.2,20.4,47.2,32.2,0.0
1038,5.2416324615478514e-05,0.18003737926483154,0.0013033718219958245,0.4629003405570984,0.18003737926483154,0.48478174209594727,0.48478171825408933,1.5938926100730897,21.8,49.6,34.2375,21.8,49.6,34.2375,0.0
1090,7.303357124328613e-05,0.06595975458621979,0.0017382834805175662,0.5204759240150452,0.06595975458621979,0.527648264169693,0.5276482284069062,1.644099485874176,20.6,51.0,35.8125,20.6,51.0,35.8125,0.0
1142,6.972700357437134e-05,0.20542343258857726,0.0017250862205401064,0.47120290994644165,0.20542343258857726,0.459421643614769,0.45942163467407227,1.4472878217697143,20.0,44.0,31.4625,20.0,44.0,31.4625,0.0
1194,0.00010833144187927246,0.006737125664949417,0.0026339142583310603,0.5026783347129822,0.006737125664949417,0.4581153988838196,0.45811537504196165,1.5867512226104736,21.2,47.6,33.4875,21.2,47.6,33.4875,0.0
1246,0.00011893361806869507,0.2875163823366165,0.003004129265900701,0.43970027565956116,0.2875163823366165,0.400434809923172,0.4004348158836365,1.4593769788742066,19.8,43.2,31.2625,19.8,43.2,31.2625,0.0
1298,0.00011760890483856202,1.134488943219185,0.002869457070482895,0.43213799595832825,1.134488943219185,0.35185393393039704,0.3518539160490036,1.4278002500534057,20.6,45.6,31.5375,20.6,45.6,31.5375,0.0
1350,0.0002061501145362854,0.2531960293650627,0.005006644618697464,0.5506771802902222,0.2531960293650627,0.5481209516525268,0.5481209099292755,1.35972980260849,18.2,45.4,30.575,18.2,45.4,30.575,0.0
1402,0.0001907363533973694,0.157041185349226,0.004716731980443001,0.5985851883888245,0.157041185349226,0.5155234217643738,0.5155234336853027,1.3851750016212463,16.8,46.6,32.55,16.8,46.6,32.55,0.0
1454,0.0004397287964820862,0.24971374422311782,0.010995003022253513,0.5019646883010864,0.24971374422311782,0.46166348457336426,0.4616634726524353,1.336308526992798,19.4,41.6,29.225,19.4,41.6,29.225,0.0
1506,0.0004601597785949707,1.533613422513008,0.010583139955997467,0.48690253496170044,1.533613422513008,0.7256817042827606,0.7256816864013672,1.388687938451767,20.2,46.4,31.9875,20.2,46.4,31.9875,0.0
1558,0.0004099428653717041,1.2476578444242477,0.00978399720042944,0.4484984576702118,1.2476578444242477,0.4581072211265564,0.458107191324234,1.7492586612701415,20.4,59.8,38.0125,20.4,59.8,38.0125,0.0
1610,0.0007130935788154602,0.2743318572640419,0.01780582098290324,0.4961504638195038,0.2743318572640419,0.5404874622821808,0.5404874861240387,1.302169382572174,21.2,45.8,32.95,21.2,45.8,32.95,0.0
1662,0.0009401589632034302,0.5057113401591777,0.022468076832592488,0.48003286123275757,0.5057113401591777,0.4965089917182922,0.4965090036392212,1.4921756744384767,22.2,57.0,37.0125,22.2,57.0,37.0125,0.0
1714,0.0008312046527862548,0.5535207584500312,0.020141188520938158,0.5507193207740784,0.5535207584500312,0.47476773262023925,0.4747677266597748,1.583003616333008,20.0,48.4,33.3,20.0,48.4,33.3,0.0
1766,0.0009386450052261353,1.0674455650150776,0.02251018085516989,0.5209535360336304,1.0674455650150776,0.7491008937358856,0.7491008877754212,1.5181147933006287,24.0,48.8,35.5,24.0,48.8,35.5,0.0
1818,0.001067677140235901,0.3593149229884148,0.023370172036811708,0.5879513621330261,0.3593149229884148,0.38155181109905245,0.3815517991781235,1.2901233196258546,19.8,57.6,35.3375,19.8,57.6,35.3375,0.0
1870,0.0011111505329608918,0.1892869219183922,0.026144206710159778,0.5140488147735596,0.1892869219183922,0.46388615369796754,0.46388614773750303,1.406105673313141,22.8,52.4,36.9625,22.8,52.4,36.9625,0.0
1922,0.0013239413499832153,0.44167717099189757,0.032125746831297874,0.6194968819618225,0.44167717099189757,0.5545379221439362,0.5545379340648651,1.4025697231292724,19.8,52.0,35.475,19.8,52.0,35.475,0.0
1974,0.000932551920413971,2.6111153095960615,0.022979969857260585,0.4201962947845459,2.6111153095960615,0.672485637664795,0.6724856823682785,1.2221773564815521,23.6,49.4,35.2875,23.6,49.4,35.2875,0.0
2026,0.003264763206243515,0.6649639785289765,0.0794527854770422,0.6864670515060425,0.6649639785289765,0.4482548773288727,0.44825485348701477,1.3894207954406739,19.8,51.4,34.3625,19.8,51.4,34.3625,0.0
2078,0.0018409669399261474,0.1421846330165863,0.044101860374212265,0.5679526925086975,0.1421846330165863,0.434004408121109,0.43400439620018005,1.4929812669754028,26.8,57.6,41.55,26.8,57.6,41.55,0.0
2130,0.002317047119140625,0.38933935314416884,0.055214335396885875,0.6445118188858032,0.38933935314416884,0.42195611000061034,0.42195609509944915,1.388817685842514,26.4,53.8,39.8375,26.4,53.8,39.8375,0.0
2182,0.0028303615748882295,1.6610822200775146,0.06903882045298815,0.495383083820343,1.6610822200775146,0.8348487675189972,0.8348486721515656,1.2782230257987977,22.6,56.2,33.6125,22.6,56.2,33.6125,0.0
2234,0.0038543879985809327,2.168228840827942,0.09739618124440312,0.4901224374771118,2.168228840827942,0.32158023416996,0.32158026099205017,1.1923125445842744,24.8,50.0,36.425,24.8,50.0,36.425,0.0
2286,0.0034354507923126222,1.4945736467838286,0.08319384595379234,0.7598221302032471,1.4945736467838286,0.8562758386135101,0.8562758266925812,1.212591540813446,23.2,55.6,36.9,23.2,55.6,36.9,0.0
2338,0.0042663529515266415,1.9147633999586104,0.10414135865867138,0.5676765441894531,1.9147633999586104,0.5329558372497558,0.532955813407898,1.322805404663086,22.2,50.4,36.05,22.2,50.4,36.05,0.0
2390,0.004112580418586731,1.9360987186431884,0.10079080779105425,0.4622892141342163,1.9360987186431884,0.41942768096923827,0.41942766308784485,1.3539392828941346,26.0,57.8,40.625,26.0,57.8,40.625,0.0
2442,0.006348039209842682,1.3039008140563966,0.1536564402282238,0.6415295600891113,1.3039008140563966,0.3145149856805801,0.3145149707794189,1.1418919682502746,21.4,56.2,37.95,21.4,56.2,37.95,0.0
2494,0.00420660525560379,3.471492576599121,0.10434537436813116,0.5165260434150696,3.471492576599121,0.24384526312351226,0.24384521394968034,1.0280418336391448,29.0,49.0,37.35,29.0,49.0,37.35,0.0
2546,0.005397820472717285,2.2731008291244508,0.13171633202582597,0.48495322465896606,2.2731008291244508,0.4782537519931793,0.47825374603271487,1.0847494959831239,26.2,56.0,37.2,26.2,56.0,37.2,0.0
2598,0.0064068853855133055,0.8088284075260163,0.15560788214206694,0.7332486510276794,0.8088284075260163,0.543012285232544,0.5430122792720795,1.2288384139537811,25.4,56.0,37.8875,25.4,56.0,37.8875,0.0
2650,0.0077196195721626285,1.2454513549804687,0.18124063163995743,0.49562105536460876,1.2454513549804687,0.46472576856613157,0.46472575068473815,1.4530377984046936,22.4,61.6,39.5375,22.4,61.6,39.5375,0.0
2702,0.0077466294169425964,1.216776442527771,0.18833454102277755,0.618618369102478,1.216776442527771,0.5188913106918335,0.518891304731369,1.3769672513008118,23.2,57.2,41.0875,23.2,57.2,41.0875,0.0
2754,0.006558644771575928,1.5352233171463012,0.1541886381804943,0.46839606761932373,1.5352233171463012,0.31175127625465393,0.31175124943256377,1.1895964980125426,23.0,63.4,42.0,23.0,63.4,42.0,0.0
2806,0.007857319712638856,2.1626295328140257,0.18686228208243846,0.6918010711669922,2.1626295328140257,0.6568190008401871,0.6568189978599548,1.523992621898651,22.6,66.6,41.0625,22.6,66.6,41.0625,0.0
2858,0.006375943124294281,0.8119153439998626,0.15877219662070274,0.5086050629615784,0.8119153439998626,0.5463934719562531,0.5463934600353241,1.245842409133911,24.2,55.4,40.9375,24.2,55.4,40.9375,0.0
2910,0.010504546016454697,1.4601466417312623,0.2553486615419388,0.4948178231716156,1.4601466417312623,0.3440977603197098,0.3440977603197098,1.1694605946540833,30.2,58.8,44.6375,30.2,58.8,44.6375,0.0
2962,0.009885136783123017,1.63330078125,0.23695744425058365,0.5225405693054199,1.63330078125,0.31143424212932586,0.3114342331886292,1.081434029340744,29.0,77.2,46.125,29.0,77.2,46.125,0.0
3014,0.011257848143577576,1.1433544874191284,0.2557207152247429,0.48937591910362244,1.1433544874191284,0.44928303360939026,0.44928303360939026,1.3405881345272064,28.4,93.6,46.4375,28.4,93.6,46.4375,0.0
3066,0.009581470489501953,2.3827238202095034,0.22825635820627213,0.5376639366149902,2.3827238202095034,0.27404061406850816,0.27404061853885653,1.197467142343521,30.6,95.0,47.6625,30.6,95.0,47.6625,0.0
3118,0.0146479994058609,1.385020136833191,0.33056530803442,0.7350216507911682,1.385020136833191,0.3960816919803619,0.3960816740989685,1.191628336906433,29.6,70.0,47.1375,29.6,70.0,47.1375,0.0
3170,0.011032060533761979,1.2083885431289674,0.25395466983318327,0.44123730063438416,1.2083885431289674,0.4430108368396759,0.44301082789897916,1.1335185527801515,30.4,94.0,46.35000076293945,30.4,132.8,49.0125,0.0125
3222,0.008518517017364502,2.472753953933716,0.20764633789658546,0.4462427794933319,2.472753953933716,0.4299177646636963,0.42991777062416076,1.150313240289688,32.6,82.0,47.4625,32.6,82.0,47.4625,0.0
3274,0.01200418770313263,1.2390572786331178,0.28518657982349394,0.5565000772476196,1.2390572786331178,0.42990203499794005,0.4299020230770111,1.24571191072464,26.4,71.8,46.8875,26.4,71.8,46.8875,0.0
3326,0.010481348633766175,1.666726541519165,0.250036883354187,0.6201788783073425,1.666726541519165,0.27946198880672457,0.2794619709253311,1.33895223736763,30.0,81.0,46.1125,30.0,81.0,46.1125,0.0
3378,0.01191011667251587,1.5395036697387696,0.28639756292104723,0.5585576295852661,1.5395036697387696,0.29293290376663206,0.2929328978061676,1.5115538358688354,27.4,71.4,46.05,27.4,71.4,46.05,0.0
3430,0.012293088436126708,1.4740686774253846,0.29557809233665466,0.6339644193649292,1.4740686774253846,0.2855255037546158,0.2855254828929901,1.2821028351783752,29.8,65.0,46.55,29.8,65.0,46.55,0.0
3482,0.01064666211605072,1.2858762621879578,0.2555143490433693,0.719206690788269,1.2858762621879578,0.4229760766029358,0.42297605872154237,1.3743587136268616,29.6,77.8,44.8,29.6,77.8,44.8,0.0
3534,0.011366916447877884,1.6124071836471559,0.27096205949783325,0.5315581560134888,1.6124071836471559,0.25472877025604246,0.25472875833511355,1.1793415546417236,33.2,100.6,50.2625,33.2,100.6,50.2625,0.0
3586,0.011858711391687394,1.4957778573036193,0.2840056285262108,0.4647372364997864,1.4957778573036193,0.2444302499294281,0.2444302424788475,1.2389357805252075,32.8,82.0,49.475,32.8,82.0,49.475,0.0
3638,0.010679645836353302,2.5551848649978637,0.2503686409443617,0.4850468933582306,2.5551848649978637,0.4461769938468933,0.4461769789457321,1.1064460515975951,30.6,83.2,49.4125,30.6,83.2,49.4125,0.0
3690,0.011337509751319886,1.6491973400115967,0.27186521887779236,0.47717270255088806,1.6491973400115967,0.23189539313316346,0.23189540207386017,1.1420346200466156,28.0,74.8,48.85583419799805,28.0,103.2,51.325,0.0125
3742,0.012562118470668793,1.7492031812667848,0.2967067763209343,0.42873260378837585,1.7492031812667848,0.19266700446605683,0.19266699105501175,1.0427316546440124,28.8,76.8,47.075,28.8,76.8,47.075,0.0
3794,0.011127521097660065,2.6368857860565185,0.2645429641008377,0.4208800196647644,2.6368857860565185,0.2271179050207138,0.22711790204048157,0.8919030487537384,31.6,86.0,51.1125,31.6,86.0,51.1125,0.0
3846,0.012413540482521057,2.199989080429077,0.29629806727170943,0.44112062454223633,2.199989080429077,0.5579367756843567,0.5579367786645889,1.0271968126296998,31.8,83.0,48.7375,31.8,83.0,48.7375,0.0
3898,0.01251312494277954,1.7732941150665282,0.2951310694217682,0.4983869194984436,1.7732941150665282,0.2019507259130478,0.20195070505142212,1.1847128868103027,32.8,105.0,52.675,32.8,105.0,52.675,0.0
3950,0.01191842406988144,1.690691351890564,0.2813569322228432,0.5747886896133423,1.690691351890564,0.20689406096935273,0.20689406394958496,1.080784910917282,30.6,88.6,52.4625,30.6,88.6,52.4625,0.0
4002,0.01294049620628357,1.7457689046859741,0.298992982506752,0.4964665472507477,1.7457689046859741,0.20103613585233687,0.20103614032268524,1.109346330165863,32.8,95.6,53.25416717529297,32.8,129.8,55.7875,0.0125
4054,0.012339530885219574,1.5602366924285889,0.2986361876130104,0.415121853351593,1.5602366924285889,0.2736419439315796,0.2736419588327408,0.9692338585853577,34.6,82.0,52.8875,34.6,82.0,52.8875,0.0
4106,0.015072563290596008,2.6309097051620483,0.37232271730899813,0.44302743673324585,2.6309097051620483,0.2296741008758545,0.22967408001422882,1.3142142951488496,30.8,83.6,49.45,30.8,83.6,49.45,0.0
4158,0.013475912809371948,2.4297202825546265,0.325690795481205,0.5417119860649109,2.4297202825546265,0.5898073077201843,0.589807254076004,1.0454615950584412,32.2,76.2,50.725,32.2,76.2,50.725,0.0
4210,0.011106400191783905,2.5999069929122927,0.2650869131088257,0.6969112157821655,2.5999069929122927,0.5097955495119095,0.5097955495119095,1.2365672290325165,28.6,66.2,48.96833419799805,28.6,104.8,51.55,0.0125
4262,0.014745768904685975,2.7166288614273073,0.3516769915819168,0.6183652877807617,2.7166288614273073,0.28197158724069593,0.2819715827703476,1.152551281452179,29.8,72.8,48.85,29.8,72.8,48.85,0.0
4314,0.01630895435810089,1.8686242818832397,0.3847270905971527,0.5324468612670898,1.8686242818832397,0.18317576199769975,0.18317576199769975,1.0594280302524566,29.8,86.0,52.0125,29.8,86.0,52.0125,0.0
4366,0.012845480442047119,1.7094291687011718,0.30121005028486253,0.5498483180999756,1.7094291687011718,0.33284232020378113,0.3328423142433167,0.9797750174999237,28.4,94.4,50.4125,28.4,94.4,50.4125,0.0
4418,0.015307703614234924,1.7126610040664674,0.3705210402607918,0.4839685261249542,1.7126610040664674,0.33941836953163146,0.33941835165023804,1.0936217308044434,37.4,87.0,57.6625,37.4,87.0,57.6625,0.0
4470,0.0133053258061409,1.6215017318725586,0.3057564750313759,0.23123961687088013,1.6215017318725586,0.3654343992471695,0.36543440222740176,1.111209934949875,28.4,119.0,56.7125,28.4,119.0,56.7125,0.0
4522,0.015841864049434662,1.7286017656326294,0.3865861862897873,0.5921855568885803,1.7286017656326294,0.27446883320808413,0.2744688495993614,1.0912356555461884,36.6,79.0,54.7875,36.6,79.0,54.7875,0.0
4574,0.012249486148357391,1.8652696371078492,0.29151066541671755,0.47177618741989136,1.8652696371078492,0.2088575005531311,0.2088574916124344,1.0514034926891327,30.6,90.4,56.75,30.6,90.4,56.75,0.0
4626,0.013000410795211793,1.815492606163025,0.31001963913440705,0.5406907796859741,1.815492606163025,0.2380106896162033,0.2380106821656227,1.091656458377838,37.6,93.0,57.525,37.6,93.0,57.525,0.0
4678,0.012525466084480286,3.3591693162918093,0.30359010249376295,0.4689171314239502,3.3591693162918093,0.5755626559257507,0.5755626350641251,1.0858828127384186,33.0,83.2,53.3625,33.0,83.2,53.3625,0.0
4730,0.014173592627048492,1.8106199026107788,0.3201866075396538,0.2994823753833771,1.8106199026107788,0.2414351224899292,0.24143510162830353,0.9822622776031494,38.0,136.0,62.36750030517578,38.0,171.4,64.8625,0.0125
4782,0.0135736346244812,2.5002479791641234,0.3215867429971695,0.44679856300354004,2.5002479791641234,0.5658064752817153,0.5658064097166061,0.9991317689418793,36.2,95.0,58.0375,36.2,95.0,58.0375,0.0
4834,0.014831602573394775,2.2461321353912354,0.35152306854724885,0.5108988285064697,2.2461321353912354,0.4942305192351341,0.4942305386066437,1.249044406414032,31.0,93.2,55.75,31.0,93.2,55.75,0.0
4886,0.015175622701644898,1.7117759943008424,0.36653298437595366,0.5509282946586609,1.7117759943008424,0.27964902222156524,0.27964902073144915,1.1774298250675201,36.6,87.4,57.3625,36.6,87.4,57.3625,0.0
4938,0.015391138195991517,1.7871245384216308,0.361579966545105,0.7017335295677185,1.7871245384216308,0.2179878532886505,0.2179878368973732,1.2360806822776795,32.2,102.4,60.975,32.2,102.4,60.975,0.0
4990,0.01222626268863678,1.7697039604187013,0.28982728272676467,0.4663945734500885,1.7697039604187013,0.19721751660108566,0.19721751287579536,1.0856802761554718,37.6,118.2,62.0125,37.6,118.2,62.0125,0.0
5042,0.01532829850912094,2.742127299308777,0.36318559050559995,0.469611793756485,2.742127299308777,0.48062373995780944,0.480623733997345,1.1179390668869018,34.4,90.0,55.6875,34.4,90.0,55.6875,0.0
5094,0.013358598947525025,2.3812800645828247,0.3155194729566574,0.4241470396518707,2.3812800645828247,0.5479847073554993,0.5479846805334091,1.0649545967578888,34.6,94.0,57.78666687011719,34.6,120.0,60.175,0.0125
5146,0.011825425922870636,2.6894131183624266,0.2797509580850601,0.4204818308353424,2.6894131183624266,0.46794372498989106,0.4679437279701233,1.20804306268692,33.8,105.4,63.825,33.8,105.4,63.825,0.0
5198,0.01355002224445343,1.9256190299987792,0.32341285049915314,0.43783214688301086,1.9256190299987792,0.19281144738197326,0.19281142055988312,1.1507480144500732,41.0,106.4,62.2625,41.0,106.4,62.2625,0.0
5250,0.013931725919246674,2.8610317945480346,0.33136190474033356,0.4113471508026123,2.8610317945480346,0.17225581184029579,0.17225580736994744,1.1773554921150207,40.6,119.4,63.7875,40.6,119.4,63.7875,0.0
5302,0.014157101511955261,1.8508672952651977,0.33668405562639236,0.35654643177986145,1.8508672952651977,0.1489407330751419,0.1489407330751419,1.1152732491493225,39.2,86.4,58.6125,39.2,86.4,58.6125,0.0
5354,0.014761948585510254,3.818620800971985,0.34293401688337327,0.45378434658050537,3.818620800971985,0.32918968200683596,0.3291896730661392,1.1981447100639344,32.8,82.0,52.99666748046875,32.8,119.2,55.55,0.0125
5406,0.014166462421417236,1.800012993812561,0.3407961755990982,0.4528472125530243,1.800012993812561,0.18997111171483994,0.18997110426425934,1.2615191459655761,36.0,99.4,60.15,36.0,99.4,60.15,0.0
5458,0.01454705148935318,2.880890679359436,0.35103997588157654,0.45966896414756775,2.880890679359436,0.1740295633673668,0.17402956932783126,1.1573327481746674,34.8,83.8,56.5625,34.8,83.8,56.5625,0.0
5510,0.014715731143951416,2.3644884824752808,0.3509743332862854,0.3575343191623688,2.3644884824752808,0.5727858588099479,0.5727858513593673,1.0972615480422974,38.4,113.4,60.4375,38.4,113.4,60.4375,0.0
5562,0.013206914067268372,2.4883388757705687,0.3108457878232002,0.43462979793548584,2.4883388757705687,0.5600715696811676,0.5600715070962906,1.1268485486507416,33.2,118.6,60.675,33.2,118.6,60.675,0.0
5614,0.013760833442211151,1.9371991872787475,0.3234567314386368,0.5135261416435242,1.9371991872787475,0.15347730815410615,0.1534772902727127,1.0858639836311341,38.0,106.6,65.0125,38.0,106.6,65.0125,0.0
5666,0.01410263478755951,1.891519832611084,0.34184504151344297,0.5621492862701416,1.891519832611084,0.14996906220912934,0.1499690443277359,1.068888282775879,36.0,75.0,54.375,36.0,75.0,54.375,0.0
5718,0.014573687314987182,1.7802523136138917,0.34314329773187635,0.43460679054260254,1.7802523136138917,0.16897163093090056,0.16897162795066833,1.305977427959442,37.4,100.6,59.55916748046875,37.4,124.8,61.9,0.0125
5770,0.01504446119070053,1.8963560342788697,0.34979732483625414,0.3929089903831482,1.8963560342788697,0.14681330025196077,0.1468133106827736,1.1401693940162658,35.6,101.4,63.69000091552734,35.6,130.2,66.0375,0.0125
5822,0.014540272951126098,1.9009789943695068,0.3512518674135208,0.8045982718467712,1.9009789943695068,0.18355851173400878,0.18355850875377655,1.0670919716358185,37.8,87.8,60.65,37.8,87.8,60.65,0.0
5874,0.014428246021270751,3.86969850063324,0.34974331557750704,0.9182755351066589,3.86969850063324,0.15947555750608444,0.15947557091712952,1.3412306189537049,33.0,77.6,53.1375,33.0,77.6,53.1375,0.0
5926,0.0127807155251503,1.8717410087585449,0.3019753500819206,0.4602527320384979,1.8717410087585449,0.1412879377603531,0.14128794223070146,1.0687748491764069,40.2,124.4,66.075,40.2,124.4,66.075,0.0
5978,0.01461201161146164,1.9219901800155639,0.35237403213977814,0.4331744909286499,1.9219901800155639,0.216964390873909,0.21696438491344452,0.9946614980697632,37.4,93.8,59.7125,37.4,93.8,59.7125,0.0
6030,0.012633424997329713,1.8464237451553345,0.2912317022681236,0.5170779228210449,1.8464237451553345,0.188963483273983,0.1889634683728218,1.0230043053627014,37.6,138.2,62.9625,37.6,138.2,62.9625,0.0
6082,0.014343619346618652,1.8820980310440063,0.3451621472835541,0.35833773016929626,1.8820980310440063,0.18787588477134703,0.18787589073181152,1.0621099650859833,37.0,96.0,61.4875,37.0,96.0,61.4875,0.0
6134,0.012580402195453644,3.23283851146698,0.30529804825782775,0.37882718443870544,3.23283851146698,0.3616149663925171,0.36161490231752397,1.1044772446155549,36.4,92.8,59.475,36.4,92.8,59.475,0.0
6186,0.015021108090877533,2.846202754974365,0.35922367572784425,0.4703528583049774,2.846202754974365,0.3601129487156868,0.36011293679475787,1.1742139041423798,37.6,98.8,60.1375,37.6,98.8,60.1375,0.0
6238,0.016182151436805726,1.9293365001678466,0.38859531581401824,0.4210187792778015,1.9293365001678466,0.16802559196949005,0.1680256173014641,1.067831325531006,36.6,96.2,58.8875,36.6,96.2,58.8875,0.0
6290,0.01566809117794037,1.9569966316223144,0.3786857217550278,0.6538354158401489,1.9569966316223144,0.1538137674331665,0.15381376594305038,1.1518669545650482,39.4,93.0,60.8125,39.4,93.0,60.8125,0.0
6342,0.013867290318012237,3.6776745557785033,0.3379510104656219,0.49203452467918396,3.6776745557785033,0.654928295314312,0.6549282848834992,1.1620932638645172,41.4,89.4,57.9125,41.4,89.4,57.9125,0.0
6394,0.015136240422725678,1.9812469720840453,0.3654357671737671,0.4188080430030823,1.9812469720840453,0.14723364412784576,0.14723363816738128,1.2248521029949189,41.0,89.0,59.4125,41.0,89.0,59.4125,0.0
6446,0.016987419128417967,1.8962508678436278,0.4057094931602478,0.5810350775718689,1.8962508678436278,0.19838060736656188,0.19838061630725862,1.0376508712768555,35.4,97.0,57.05,35.4,97.0,57.05,0.0
6498,0.016686496138572694,2.865296506881714,0.39186770021915435,0.42593157291412354,2.865296506881714,0.14966457337141037,0.14966457337141037,1.2154528021812439,39.8,102.8,61.333334350585936,39.8,134.0,63.75,0.0125
6550,0.015347479283809662,1.993132734298706,0.37507115602493285,0.5675428509712219,1.993132734298706,0.13630063980817794,0.13630064129829406,1.0452871143817901,40.6,79.4,58.825,40.6,79.4,58.825,0.0
6602,0.01642005443572998,1.9650296688079834,0.3937480479478836,0.4558786153793335,1.9650296688079834,0.13702143132686614,0.1370214119553566,0.9554920971393586,37.2,84.0,57.875,37.2,84.0,57.875,0.0
6654,0.01766878068447113,1.9936285257339477,0.42633592486381533,0.5529965162277222,1.9936285257339477,0.1292462393641472,0.1292462468147278,1.2095725059509277,40.2,85.8,59.4875,40.2,85.8,59.4875,0.0
6706,0.016310679912567138,1.9049481868743896,0.39299407601356506,0.5952492356300354,1.9049481868743896,0.14809698909521102,0.14809698164463042,1.0029399931430816,38.2,88.2,58.0625,38.2,88.2,58.0625,0.0
6758,0.015618762373924256,2.8655489444732667,0.3779959201812744,0.6094127893447876,2.8655489444732667,0.2039555564522743,0.20395553559064866,0.9825468361377716,38.8,80.0,56.4125,38.8,80.0,56.4125,0.0
6810,0.019349066913127898,2.7839589357376098,0.4669253438711166,0.5220398902893066,2.7839589357376098,0.4894319653511047,0.48943196088075636,1.0449459731578827,33.0,83.0,55.0375,33.0,83.0,55.0375,0.0
6862,0.016339285671710967,1.9220146894454957,0.39085806608200074,0.47259658575057983,1.9220146894454957,0.20253723710775376,0.20253723114728928,1.0110162615776062,39.2,94.4,59.8875,39.2,94.4,59.8875,0.0
6914,0.016891250014305116,1.9199080228805543,0.41040914952754975,0.34498700499534607,1.9199080228805543,0.13705062866210938,0.13705062121152878,1.1143030941486358,39.6,90.2,57.85,39.6,90.2,57.85,0.0
6966,0.015503638982772827,2.673206853866577,0.374624440073967,0.48137882351875305,2.673206853866577,0.4969908148050308,0.4969907835125923,0.9785630643367768,42.4,90.0,58.0,42.4,90.0,58.0,0.0
7018,0.017413833737373353,2.7462512731552122,0.4169236898422241,0.5306378602981567,2.7462512731552122,0.4689439728856087,0.46894399374723433,1.124633753299713,40.2,99.6,59.775,40.2,99.6,59.775,0.0
7070,0.019844678044319154,3.0028291940689087,0.48336024284362794,0.5267462134361267,3.0028291940689087,0.10343623608350754,0.10343623086810112,1.3177685260772705,40.0,88.0,57.65,40.0,88.0,57.65,0.0
7122,0.017173324525356293,1.949884057044983,0.4110343813896179,0.3459995687007904,1.949884057044983,0.15582563877105712,0.15582561492919922,0.9363828778266907,41.4,85.0,61.04916763305664,41.4,117.6,63.5,0.0125
7174,0.01887858510017395,1.9124263048171997,0.4612610965967178,0.48635125160217285,1.9124263048171997,0.17640088498592377,0.17640089094638825,0.9822684407234192,37.4,81.8,55.6375,37.4,81.8,55.6375,0.0
7226,0.017382046580314635,1.7924580812454223,0.41493692100048063,0.7237433195114136,1.7924580812454223,0.2294674813747406,0.22946747541427612,1.025210553407669,34.6,88.2,55.4375,34.6,88.2,55.4375,0.0
7278,0.019606298208236693,2.7649900197982786,0.4646254166960716,0.5414497256278992,2.7649900197982786,0.5125441655516625,0.5125441595911979,1.0233648717403412,33.6,90.4,58.63166732788086,33.6,119.2,61.1125,0.0125
7330,0.01616837680339813,2.7706446170806887,0.3934841498732567,0.5412284135818481,2.7706446170806887,0.40267237946391105,0.40267240479588506,0.9683636367321015,36.8,78.6,55.3,36.8,78.6,55.3,0.0
7382,0.020315611362457277,1.9144420146942138,0.4918670475482941,0.34530574083328247,1.9144420146942138,0.14964371919631958,0.1496437281370163,1.1397252082824707,42.6,97.4,63.125,42.6,97.4,63.125,0.0
7434,0.018462422490119933,2.0053404808044433,0.4502259105443954,0.49737125635147095,2.0053404808044433,0.13558996543288232,0.13558996543288232,1.2533610701560973,41.2,85.0,59.0875,41.2,85.0,59.0875,0.0
7486,0.021455951035022736,1.8959824800491334,0.512275779247284,0.42771705985069275,1.8959824800491334,0.17959357649087906,0.1795935735106468,0.9451593101024628,34.6,95.4,60.4875,34.6,95.4,60.4875,0.0
7538,0.017712047696113585,2.934624719619751,0.43063347041606903,0.5386484861373901,2.934624719619751,0.18074022233486176,0.18074022233486176,1.0717294454574584,38.6,81.2,55.9625,38.6,81.2,55.9625,0.0
7590,0.020709487795829772,1.9764216423034668,0.5012513101100922,0.44955217838287354,1.9764216423034668,0.1398452840745449,0.1398452863097191,1.1999898374080658,43.8,91.2,61.1,43.8,91.2,61.1,0.0
7642,0.019809252023696898,1.988196849822998,0.47713937163352965,0.36647823452949524,1.988196849822998,0.13591835051774978,0.13591835647821426,1.0425190925598145,39.0,90.6,56.875,39.0,90.6,56.875,0.0
7694,0.01832566112279892,1.936063575744629,0.43864824771881106,0.48589012026786804,1.936063575744629,0.18062379956245422,0.18062379360198974,1.0173751652240752,38.6,97.8,61.1875,38.6,97.8,61.1875,0.0
7746,0.020708245038986207,1.9813848972320556,0.5002269625663758,0.5035077333450317,1.9813848972320556,0.15915324836969375,0.15915324538946152,1.1511504292488097,42.0,89.4,59.8625,42.0,89.4,59.8625,0.0
7798,0.023019713163375855,2.9097978591918947,0.5546855539083481,0.5764313340187073,2.9097978591918947,0.11133140698075294,0.11133142486214638,1.1678426086902618,36.0,82.2,54.3625,36.0,82.2,54.3625,0.0
7850,0.01838960647583008,2.0034839391708372,0.4506804525852203,0.44762563705444336,2.0034839391708372,0.11528617441654206,0.11528617143630981,1.191990029811859,37.8,72.2,56.4875,37.8,72.2,56.4875,0.0
7902,0.022762474417686463,2.8231441497802736,0.5393112659454345,0.19253802299499512,2.8231441497802736,0.5077268801629543,0.5077268332242966,1.1565027594566346,36.2,77.2,53.79750061035156,36.2,116.2,56.35,0.0125
7954,0.02038218230009079,1.9356908798217773,0.496896231174469,0.5313076376914978,1.9356908798217773,0.14289896786212922,0.14289897084236144,1.1781411468982697,40.6,88.0,58.4125,40.6,88.0,58.4125,0.0
8006,0.018747109174728393,2.022976613044739,0.45252247154712677,0.4497767984867096,2.022976613044739,0.11014546751976013,0.11014547795057297,1.0614968597888947,41.4,90.0,61.2125,41.4,90.0,61.2125,0.0
8058,0.02124205231666565,1.9373671054840087,0.5168920367956161,0.41992610692977905,1.9373671054840087,0.15471044555306435,0.1547104611992836,1.039000141620636,36.8,84.6,58.7875,36.8,84.6,58.7875,0.0
8110,0.021265700459480286,1.8565371990203858,0.4976765841245651,0.5020411014556885,1.8565371990203858,0.25912059247493746,0.2591205760836601,1.0635356903076172,39.4,96.2,60.73416748046875,39.4,123.4,63.1375,0.0125
8162,0.019478580355644225,2.6428971767425535,0.4773556381464005,0.5025668144226074,2.6428971767425535,0.5606988191604614,0.5606988221406937,1.117449414730072,40.0,76.8,56.4875,40.0,76.8,56.4875,0.0
8214,0.020206710696220397,1.9800859212875366,0.48433477580547335,0.5518084764480591,1.9800859212875366,0.16746732592582703,0.16746732145547866,0.9396701037883759,35.8,103.8,62.0,35.8,103.8,62.0,0.0
8266,0.019207683205604554,1.9793156623840331,0.46285220682621003,0.5074160695075989,1.9793156623840331,0.13117946982383727,0.13117946460843086,1.1767068386077881,41.4,80.0,59.4375,41.4,80.0,59.4375,0.0
8318,0.02099878042936325,2.964317488670349,0.5162767827510834,0.4467349052429199,2.964317488670349,0.13421935141086577,0.13421935290098191,1.0458121418952941,42.2,82.4,60.475,42.2,82.4,60.475,0.0
8370,0.02108001857995987,1.963616394996643,0.512103608250618,0.49807310104370117,1.963616394996643,0.16342128068208694,0.16342129707336425,1.1459345281124116,42.0,80.4,59.3875,42.0,80.4,59.3875,0.0
8422,0.02007698118686676,1.9642062664031983,0.48799179792404174,0.47434568405151367,1.9642062664031983,0.12691333889961243,0.1269133448600769,1.1366676151752473,41.2,80.4,58.7125,41.2,80.4,58.7125,0.0
8474,0.021070633828639985,2.966025686264038,0.5126921117305756,0.7042737603187561,2.966025686264038,0.1403290882706642,0.1403290867805481,1.009469711780548,39.6,83.4,55.8,39.6,83.4,55.8,0.0
8526,0.016846346855163574,2.9833622932434083,0.41521532237529757,0.4514850378036499,2.9833622932434083,0.1269738867878914,0.12697386890649795,1.1535838186740874,40.0,75.0,56.825,40.0,75.0,56.825,0.0
8578,0.01827051043510437,2.8456106185913086,0.4362088739871979,0.40305450558662415,2.8456106185913086,0.3145383134484291,0.31453832536935805,1.0639885544776917,39.6,97.4,60.0875,39.6,97.4,60.0875,0.0
8630,0.020008176565170288,2.889348268508911,0.48371199071407317,0.5074197053909302,2.889348268508911,0.10917603075504304,0.10917603075504304,1.1980698645114898,41.6,90.2,60.6375,41.6,90.2,60.6375,0.0
8682,0.0227090448141098,2.9111568927764893,0.543823117017746,0.5477169156074524,2.9111568927764893,0.15719297155737877,0.15719300210475923,1.0619060099124908,36.4,91.8,57.7875,36.4,91.8,57.7875,0.0
8734,0.017678019404411317,1.9763525247573852,0.4320073664188385,0.5055666565895081,1.9763525247573852,0.12687242925167083,0.1268724247813225,0.9598297894001007,38.0,75.4,54.4625,38.0,75.4,54.4625,0.0
8786,0.02001107931137085,2.020530891418457,0.488879406452179,0.5331537127494812,2.020530891418457,0.12643595784902573,0.12643595784902573,1.021708035469055,37.2,71.2,56.2125,37.2,71.2,56.2125,0.0
8838,0.021672898530960084,1.9855701684951783,0.5310380280017852,0.6047468781471252,1.9855701684951783,0.13183121681213378,0.13183120787143707,1.1718192994594574,41.4,76.6,57.25,41.4,76.6,57.25,0.0
8890,0.02321757674217224,2.9171964168548583,0.5486942380666733,0.5723655223846436,2.9171964168548583,0.12123283594846726,0.1212328627705574,0.8651983797550201,34.2,71.4,53.10666732788086,34.2,107.0,55.6,0.0125
8942,0.019351193308830263,2.905902886390686,0.47272580564022065,0.5011839866638184,2.905902886390686,0.2003224402666092,0.20032243579626083,0.9589461088180542,37.8,78.0,56.025,37.8,78.0,56.025,0.0
8994,0.01746705174446106,2.016901731491089,0.4261514663696289,0.5794481635093689,2.016901731491089,0.1324246771633625,0.13242467790842055,0.9982475817203522,35.6,70.8,52.2875,35.6,70.8,52.2875,0.0
9046,0.019890157878398894,2.962326192855835,0.4847626328468323,0.4986363351345062,2.962326192855835,0.11766723990440368,0.11766721159219742,1.0845366179943086,36.2,71.0,54.2375,36.2,71.0,54.2375,0.0
9098,0.02203563004732132,3.0113145112991333,0.5335759967565536,0.46023061871528625,3.0113145112991333,0.11158875748515129,0.11158874481916428,1.0721464574337005,33.6,80.0,53.4125,33.6,80.0,53.4125,0.0
9150,0.020423601567745208,2.812838244438171,0.5011515617370605,0.46743735671043396,2.812838244438171,0.44245185554027555,0.4424518495798111,0.9252569794654846,40.4,68.8,52.0,40.4,68.8,52.0,0.0
9202,0.02117018699645996,2.983959269523621,0.5206907957792282,0.435139000415802,2.983959269523621,0.12255708016455173,0.12255703806877136,1.1979074776172638,41.4,72.6,53.1125,41.4,72.6,53.1125,0.0
9254,0.022963446378707886,1.9049938440322876,0.5561675935983658,0.7449678778648376,1.9049938440322876,0.1207578033208847,0.12075781673192978,1.3024721026420594,38.0,76.2,54.8375,38.0,76.2,54.8375,0.0
9306,0.023308439552783965,2.8820652961730957,0.5580362290143966,0.47195619344711304,2.8820652961730957,0.3875424459576607,0.38754243552684786,0.7993769824504853,32.2,78.4,53.975,32.2,78.4,53.975,0.0
9358,0.02298123836517334,3.033922553062439,0.5581558585166931,0.5503279566764832,3.033922553062439,0.08396107330918312,0.08396106138825417,1.1887098670005798,37.0,82.8,53.625,37.0,82.8,53.625,0.0
9410,0.022491373121738434,1.9785515308380126,0.5461817800998687,0.42519882321357727,1.9785515308380126,0.13190820068120956,0.13190820664167405,1.0545652329921722,33.6,70.4,53.625,33.6,70.4,53.625,0.0
9462,0.024498766660690306,2.037899398803711,0.5884206891059875,0.3953551948070526,2.037899398803711,0.11249901279807091,0.11249900683760643,0.8066262125968933,41.4,84.6,55.4,41.4,84.6,55.4,0.0
9514,0.02377946674823761,2.930030083656311,0.5825109839439392,0.7372521162033081,2.930030083656311,0.09756205826997758,0.09756206721067429,0.9735471069812774,37.6,76.6,52.025,37.6,76.6,52.025,0.0
9566,0.02499491274356842,2.0007720470428465,0.6143098711967468,0.5275560617446899,2.0007720470428465,0.13950433135032653,0.13950433135032653,1.0130391359329223,36.8,74.2,53.525,36.8,74.2,53.525,0.0
9618,0.019383001327514648,2.8195045471191404,0.47322640717029574,0.43466052412986755,2.8195045471191404,0.42286657989025117,0.42286654412746427,1.0828612685203551,39.0,72.0,54.65,39.0,72.0,54.65,0.0
9670,0.022355841100215913,1.9060823678970338,0.545262822508812,0.608394205570221,1.9060823678970338,0.12238620966672897,0.12238621413707733,0.9901714384555816,35.2,70.4,52.8625,35.2,70.4,52.8625,0.0
9722,0.02227378934621811,2.959066390991211,0.5465829551219941,0.5502952933311462,2.959066390991211,0.12106074988842011,0.12106075063347817,1.090968382358551,35.0,67.0,50.9125,35.0,67.0,50.9125,0.0
9774,0.024950797855854034,2.9362224817276,0.6064256072044373,0.48140108585357666,2.9362224817276,0.06961795501410961,0.06961794048547745,1.2241020858287812,35.6,66.8,51.5875,35.6,66.8,51.5875,0.0
9826,0.022222870588302614,3.0126970291137694,0.5417512387037278,0.45958444476127625,3.0126970291137694,0.10231046080589294,0.10231043845415115,1.0315685153007508,38.4,74.0,54.0375,38.4,74.0,54.0375,0.0
9878,0.025022226572036742,1.9426868915557862,0.6143160164356232,0.46241307258605957,1.9426868915557862,0.1357653483748436,0.13576533496379853,1.0104750514030456,36.0,63.2,49.8125,36.0,63.2,49.8125,0.0
9930,0.021194733679294586,2.6201074600219725,0.5225341111421585,0.5340368747711182,2.6201074600219725,0.5697527542710304,0.5697527542710304,1.00248664021492,37.8,66.4,51.125,37.8,66.4,51.125,0.0
9982,0.024497398734092714,2.004746675491333,0.5964182257652283,0.49599647521972656,2.004746675491333,0.127601520717144,0.1276015445590019,1.0786918938159942,35.6,68.6,50.8625,35.6,68.6,50.8625,0.0
10034,0.0240362748503685,2.008064389228821,0.5881738871335983,0.5701168775558472,2.008064389228821,0.10899535566568375,0.10899534076452255,1.204270178079605,35.6,64.0,50.425,35.6,64.0,50.425,0.0
10086,0.022790655493736267,2.962918519973755,0.5541180610656739,0.4379819333553314,2.962918519973755,0.11525189131498337,0.11525186747312546,1.1184858322143554,37.2,78.4,51.9875,37.2,78.4,51.9875,0.0
10138,0.018078956007957458,3.4997813224792482,0.44338895082473756,0.4840782880783081,3.4997813224792482,0.5266958206892014,0.5266957402229309,0.9077905237674713,36.8,71.2,53.625,36.8,71.2,53.625,0.0
10190,0.0252045214176178,1.9625306367874145,0.6109557926654816,0.4958561360836029,1.9625306367874145,0.10751480460166932,0.10751481577754021,0.9444442093372345,35.6,65.6,50.375,35.6,65.6,50.375,0.0
10242,0.02067337930202484,2.0280799865722656,0.5036456227302551,0.5225120186805725,2.0280799865722656,0.08540471717715263,0.08540472164750099,1.044832742214203,38.0,73.4,52.225,38.0,73.4,52.225,0.0
10294,0.021251176297664643,2.9957284927368164,0.5187377363443375,0.44315409660339355,2.9957284927368164,0.12689082324504852,0.12689081132411956,0.9311576366424561,39.0,79.4,54.95,39.0,79.4,54.95,0.0
10346,0.022223125398159026,2.0070034742355345,0.5396991074085236,0.5636255741119385,2.0070034742355345,0.1191194400191307,0.11911944299936295,0.7869002401828766,38.0,69.8,53.2125,38.0,69.8,53.2125,0.0
10398,0.019108539819717406,2.000801348686218,0.4619266152381897,0.6455134749412537,2.000801348686218,0.11723152399063111,0.11723153591156006,1.0926067650318145,33.0,70.4,51.125,33.0,70.4,51.125,0.0
10450,0.021731030941009522,2.0448381900787354,0.5312399446964264,0.46444615721702576,2.0448381900787354,0.11142394542694092,0.11142394840717315,1.1509045720100404,38.0,72.4,52.425,38.0,72.4,52.425,0.0
10502,0.022966825962066652,1.9771082162857057,0.5625510543584824,0.5575203895568848,1.9771082162857057,0.15060930997133254,0.15060930401086808,0.9617112815380097,36.8,68.4,50.0,36.8,68.4,50.0,0.0
10554,0.021055194735527038,3.6957957267761232,0.5206207066774369,0.459196001291275,3.6957957267761232,0.4607053879648447,0.460705403983593,1.1999063730239867,38.2,61.4,49.0625,38.2,61.4,49.0625,0.0
10606,0.022564440965652466,2.7220279455184935,0.5549076080322266,0.6032401919364929,2.7220279455184935,0.48056711107492445,0.48056710660457613,1.0865879774093627,35.2,62.6,48.6375,35.2,62.6,48.6375,0.0
10658,0.02302034795284271,1.897669243812561,0.5623623639345169,0.5944778323173523,1.897669243812561,0.11603724211454391,0.11603725850582122,1.1819313883781433,37.2,66.8,50.55,37.2,66.8,50.55,0.0
10710,0.023176176846027373,2.0453975439071654,0.5628175109624862,0.4970122277736664,2.0453975439071654,0.11227220669388771,0.11227217316627502,1.0515223383903503,32.8,78.8,50.2625,32.8,78.8,50.2625,0.0
10762,0.02255561053752899,2.801004242897034,0.5511757016181946,0.5421847105026245,2.801004242897034,0.4797326371073723,0.4797326043248177,0.9637204945087433,32.6,63.6,47.725,32.6,63.6,47.725,0.0
10814,0.02348349541425705,3.0213715076446532,0.57847800552845,0.575369119644165,3.0213715076446532,0.07395537681877613,0.07395540922880173,0.9759795188903808,36.2,62.2,48.4125,36.2,62.2,48.4125,0.0
10866,0.021756935119628906,2.048766613006592,0.533202913403511,0.5930359363555908,2.048766613006592,0.13560459092259408,0.13560458570718764,0.8770499110221863,35.2,62.2,48.8875,35.2,62.2,48.8875,0.0
10918,0.02406243681907654,3.9437660694122316,0.5898757874965668,0.5227911472320557,3.9437660694122316,0.27391922026872634,0.2739192098379135,1.1673437356948853,36.2,65.8,50.1,36.2,65.8,50.1,0.0
10970,0.02394423633813858,2.022709345817566,0.5855588376522064,0.6653024554252625,2.022709345817566,0.09471521824598313,0.09471520781517029,1.0253885984420776,36.8,67.8,49.8,36.8,67.8,49.8,0.0
11022,0.025973200798034668,2.000350570678711,0.634222275018692,0.4275517165660858,2.000350570678711,0.15128698647022248,0.15128696709871292,0.9141062796115875,37.0,73.2,52.475,37.0,73.2,52.475,0.0
11074,0.023068048059940338,3.8484113931655886,0.5670256733894348,0.4081055819988251,3.8484113931655886,0.298010927438736,0.29801092594861983,0.9027788996696472,32.8,66.4,47.95,32.8,66.4,47.95,0.0
11126,0.023916584253311158,1.9860599994659425,0.5844121694564819,0.5221700072288513,1.9860599994659425,0.10712516456842422,0.1071251630783081,1.1069955110549927,32.2,62.4,47.95,32.2,62.4,47.95,0.0
11178,0.024602118134498595,1.9722770690917968,0.5998521447181702,0.49770423769950867,1.9722770690917968,0.11944448947906494,0.11944446116685867,0.9691692948341369,34.4,63.8,48.95,34.4,63.8,48.95,0.0
11230,0.027343323826789855,1.9893393039703369,0.672585991024971,0.3987876772880554,1.9893393039703369,0.09652091339230537,0.09652090892195701,1.1341823518276215,37.8,68.2,50.25,37.8,68.2,50.25,0.0
11282,0.023279450833797455,3.9215925455093386,0.5721015900373458,0.552587628364563,3.9215925455093386,0.1154143050312996,0.11541428416967392,1.1013566911220551,34.2,61.6,48.85,34.2,61.6,48.85,0.0
11334,0.02558651864528656,1.9737712144851685,0.6225354790687561,0.44653376936912537,1.9737712144851685,0.10588929355144501,0.10588930398225785,1.0497130692005157,37.2,71.8,52.425,37.2,71.8,52.425,0.0
11386,0.02136492431163788,3.0034337759017946,0.5265686839818955,0.4968637526035309,3.0034337759017946,0.0792587898671627,0.07925879284739494,0.8930532038211823,38.8,65.0,51.4625,38.8,65.0,51.4625,0.0
11438,0.02816479802131653,2.917186951637268,0.6634862065315247,0.4264027774333954,2.917186951637268,0.0875571146607399,0.0875571146607399,0.8827553689479828,31.4,68.6,50.0375,31.4,68.6,50.0375,0.0
11490,0.02041124403476715,2.950564908981323,0.4999144166707993,0.46725037693977356,2.950564908981323,0.342424126714468,0.34242410510778426,1.0065861582756042,33.0,59.8,46.2375,33.0,59.8,46.2375,0.0
11542,0.022730046510696413,1.9963255643844604,0.5580470055341721,0.4528992474079132,1.9963255643844604,0.15354038625955582,0.15354037135839463,0.9682802200317383,38.0,63.2,49.45,38.0,63.2,49.45,0.0
11594,0.02875645160675049,1.8582342863082886,0.7093647539615631,0.6426676511764526,1.8582342863082886,0.10411485582590103,0.10411485284566879,1.3406855106353759,35.8,62.2,46.7625,35.8,62.2,46.7625,0.0
11646,0.025208696722984314,2.950439453125,0.6175817817449569,0.5507578253746033,2.950439453125,0.11296263486146926,0.1129626527428627,0.9053962349891662,35.0,62.8,48.475,35.0,62.8,48.475,0.0
11698,0.026050037145614623,3.0308769226074217,0.6406795829534531,0.5818896889686584,3.0308769226074217,0.08558184318244458,0.08558183386921883,1.0005694270133971,38.0,59.8,47.1125,38.0,59.8,47.1125,0.0
11750,0.023969854414463043,2.0390411853790282,0.5895290702581406,0.616249680519104,2.0390411853790282,0.09024482071399689,0.09024483561515809,0.9953854322433472,36.4,61.2,48.4625,36.4,61.2,48.4625,0.0
11802,0.02118556499481201,3.0084176540374754,0.5198080509901046,0.5477680563926697,3.0084176540374754,0.0987135887145996,0.09871358945965766,0.9968542397022248,33.6,63.0,47.725,33.6,63.0,47.725,0.0
11854,0.02297014892101288,1.9757318258285523,0.5611938208341598,0.4440400004386902,1.9757318258285523,0.1018924817442894,0.10189247131347656,0.8901065587997437,35.6,68.6,49.6,35.6,68.6,49.6,0.0
11906,0.026890003681182863,1.957586908340454,0.6586110800504684,0.5515275001525879,1.957586908340454,0.10226394683122635,0.1022639513015747,1.1153535902500153,33.6,63.4,46.5875,33.6,63.4,46.5875,0.0
11958,0.028007984161376953,2.003511834144592,0.6877325773239136,0.5655092597007751,2.003511834144592,0.0996759369969368,0.09967593401670456,1.2203730523586274,34.4,64.0,48.4125,34.4,64.0,48.4125,0.0
12010,0.024381572008132936,1.9913405418395995,0.5896262556314469,0.4601456820964813,1.9913405418395995,0.09710130318999291,0.09710130766034127,0.7952197611331939,32.2,64.4,46.9625,32.2,64.4,46.9625,0.0
12062,0.018539372086524963,3.0393344879150392,0.454440239071846,0.48343515396118164,3.0393344879150392,0.0877148848026991,0.08771491199731826,1.1489313006401063,38.0,69.0,51.3,38.0,69.0,51.3,0.0
12114,0.021171733736991882,2.684797835350037,0.5204059690237045,0.4673762321472168,2.684797835350037,0.49486657083034513,0.4948665454983711,1.0175330817699433,36.4,67.8,50.05,36.4,67.8,50.05,0.0
12166,0.023095795512199403,2.9539406538009643,0.5644892364740371,0.6081995368003845,2.9539406538009643,0.30436776727437975,0.3043677493929863,0.9965653240680694,34.8,67.2,49.025,34.8,67.2,49.025,0.0
12218,0.025598108768463135,1.9913668632507324,0.6322979658842087,0.6317821145057678,1.9913668632507324,0.11886463612318039,0.11886465549468994,1.205557608604431,37.2,62.8,48.15,37.2,62.8,48.15,0.0
12270,0.023756995797157288,2.022321653366089,0.5850872546434402,0.5028852224349976,2.022321653366089,0.1147513136267662,0.11475131660699844,0.8491622090339661,36.0,70.6,50.1875,36.0,70.6,50.1875,0.0
12322,0.025595298409461974,2.0092697858810427,0.6307987093925476,0.6601278781890869,2.0092697858810427,0.13416285961866378,0.13416286259889604,1.0433762192726135,34.4,60.0,46.4375,34.4,60.0,46.4375,0.0
12374,0.020463792979717253,3.0154812335968018,0.49712747931480405,0.5373870134353638,3.0154812335968018,0.1301716148853302,0.13017160296440125,0.9053936421871185,31.4,66.0,48.8,31.4,66.0,48.8,0.0
12426,0.02082273066043854,2.923500823974609,0.5092135936021804,0.6993187069892883,2.923500823974609,0.2846401989459991,0.28464018255472184,1.0914962947368623,35.0,65.6,49.6625,35.0,65.6,49.6625,0.0
12478,0.02022117078304291,2.0082781314849854,0.4950975447893143,0.5231645107269287,2.0082781314849854,0.09522312432527542,0.09522312879562378,1.1388178288936615,38.2,70.8,52.4,38.2,70.8,52.4,0.0
12530,0.024744829535484313,1.9979920864105225,0.5988073080778122,0.49695485830307007,1.9979920864105225,0.10162865370512009,0.10162862464785576,0.9694926261901855,31.6,65.4,49.3375,31.6,65.4,49.3375,0.0
12582,0.02387842833995819,2.831469988822937,0.583030977845192,0.5301417112350464,2.831469988822937,0.4478950470685959,0.4478950366377831,1.0169910311698913,34.4,62.4,47.05,34.4,62.4,47.05,0.0
12634,0.022212447226047517,3.0263458251953126,0.5494336545467376,0.5109577178955078,3.0263458251953126,0.12195251733064652,0.12195253819227218,1.0845864295959473,38.8,62.8,50.95,38.8,62.8,50.95,0.0
12686,0.021219581365585327,2.7224518299102782,0.520277351140976,0.6059154272079468,2.7224518299102782,0.49773708283901213,0.49773705303668975,0.9423772513866424,36.0,63.2,49.775,36.0,63.2,49.775,0.0
12738,0.025527942180633544,1.8951285839080811,0.6258224040269852,0.4939728379249573,1.8951285839080811,0.12374547570943832,0.12374547123908997,0.8873337209224701,36.2,65.8,50.125,36.2,65.8,50.125,0.0
12790,0.02361123263835907,1.9302861928939818,0.575994250178337,0.551648736000061,1.9302861928939818,0.144217287003994,0.14421728104352952,1.0945191264152527,39.2,75.8,53.725,39.2,75.8,53.725,0.0
12842,0.02558734714984894,2.0311394214630125,0.6228168100118637,0.6562662720680237,2.0311394214630125,0.10009720772504807,0.10009717792272568,1.0636348307132721,34.4,62.2,48.85,34.4,62.2,48.85,0.0
12894,0.02240685820579529,1.942395067214966,0.5494480818510056,0.533123791217804,1.942395067214966,0.11266960352659225,0.11266958713531494,1.0666273355484008,34.0,66.6,49.5625,34.0,66.6,49.5625,0.0
12946,0.025183260440826416,1.9121985912322998,0.616562008857727,0.5214661359786987,1.9121985912322998,0.15747519731521606,0.15747518688440323,0.9664375364780426,36.8,72.4,50.2125,36.8,72.4,50.2125,0.0
12998,0.02362417131662369,3.929004597663879,0.5751406252384186,0.5904271006584167,3.929004597663879,0.10661755502223969,0.10661755129694939,1.0069607198238373,35.6,71.8,49.6125,35.6,71.8,49.6125,0.0
13050,0.025228142738342285,1.9367347002029418,0.6194961905479431,0.5299390554428101,1.9367347002029418,0.12463335394859314,0.12463334947824478,1.108048105239868,37.8,67.0,49.425,37.8,67.0,49.425,0.0
13102,0.021743917465209962,1.9945530891418457,0.5304277777671814,0.6076020002365112,1.9945530891418457,0.12507712692022324,0.12507712990045547,0.9703493893146515,37.4,66.8,51.1,37.4,66.8,51.1,0.0
13154,0.02370353937149048,2.7111151456832885,0.5810091644525528,0.5167847871780396,2.7111151456832885,0.45792047381401063,0.457920478284359,1.1357524633407592,34.2,65.6,48.0125,34.2,65.6,48.0125,0.0
13206,0.022358542680740355,3.0310006141662598,0.5500039488077164,0.5368924736976624,3.0310006141662598,0.10774260833859443,0.10774260312318802,0.9221965670585632,36.2,64.8,48.3875,36.2,64.8,48.3875,0.0
13258,0.02526342272758484,2.0164206266403197,0.6196935117244721,0.48383161425590515,2.0164206266403197,0.12308262884616852,0.12308264374732972,0.7393513143062591,37.0,68.6,51.8625,37.0,68.6,51.8625,0.0
13310,0.023950161039829256,3.8645044803619384,0.5843906939029694,0.5839186906814575,3.8645044803619384,0.3893331870436668,0.3893331304192543,0.9799934387207031,33.6,60.0,47.1375,33.6,60.0,47.1375,0.0
13362,0.02182351052761078,1.9397611141204834,0.5342728048563004,0.42784708738327026,1.9397611141204834,0.11977574229240417,0.11977574825286866,1.0063992738723755,36.8,69.8,51.7125,36.8,69.8,51.7125,0.0
13414,0.02477397471666336,2.0075668334960937,0.6027371495962143,0.598321259021759,2.0075668334960937,0.09038246944546699,0.09038247242569923,1.1097017526626587,37.0,70.0,51.0125,37.0,70.0,51.0125,0.0
13466,0.024563169479370116,2.7326809406280517,0.5885395467281341,0.6273458003997803,2.7326809406280517,0.5566573977470398,0.5566573858261108,0.9580922901630402,36.2,60.8,49.20083389282227,36.2,99.0,51.8125,0.0125
13518,0.02588365077972412,2.038194417953491,0.6318002730607987,0.5722575187683105,2.038194417953491,0.12699173986911774,0.12699173837900163,0.9669520020484924,35.8,70.6,49.025,35.8,70.6,49.025,0.0
13570,0.026925885677337648,1.9354076385498047,0.6645472168922424,0.4780736565589905,1.9354076385498047,0.08680004477500916,0.08680003806948662,0.9385400950908661,34.0,61.8,46.2,34.0,61.8,46.2,0.0
13622,0.019549183547496796,2.7499742031097414,0.4787304013967514,0.47836601734161377,2.7499742031097414,0.47864745557308197,0.4786474213004112,1.0626173555850982,31.8,62.4,49.8,31.8,62.4,49.8,0.0
13674,0.021885997056961058,1.9803852796554566,0.5310827523469925,0.46098387241363525,1.9803852796554566,0.11587971299886704,0.11587972939014435,0.906968641281128,33.6,66.8,48.5375,33.6,66.8,48.5375,0.0
13726,0.028074994683265686,2.0450812339782716,0.6888473570346832,0.5478053689002991,2.0450812339782716,0.09123148024082184,0.09123150110244752,1.214268183708191,34.0,58.0,45.675,34.0,58.0,45.675,0.0
13778,0.022481186687946318,1.935464358329773,0.5502457827329635,0.5798056125640869,1.935464358329773,0.11121437251567841,0.11121435165405273,0.9088983833789825,34.2,68.0,47.175,34.2,68.0,47.175,0.0
13830,0.025189509987831114,1.9896190166473389,0.6144426912069321,0.5889596939086914,1.9896190166473389,0.13556776195764542,0.13556775003671645,0.787059736251831,34.8,67.6,50.0375,34.8,67.6,50.0375,0.0
13882,0.023238399624824525,2.039717197418213,0.568167382478714,0.5521058440208435,2.039717197418213,0.10955055505037307,0.10955055356025696,0.9832668542861939,35.6,63.0,49.5125,35.6,63.0,49.5125,0.0
13934,0.02847123146057129,2.9696368932724,0.6931006699800492,0.6261679530143738,2.9696368932724,0.09929125607013703,0.09929125905036926,1.06082364320755,36.4,60.8,47.6125,36.4,60.8,47.6125,0.0
13986,0.021753138303756712,2.0095083236694338,0.5335980802774429,0.4920210540294647,2.0095083236694338,0.10856926292181016,0.10856927186250687,0.9398538410663605,35.4,66.2,49.275,35.4,66.2,49.275,0.0
14038,0.020955091714859007,2.0667166471481324,0.5149080187082291,0.4751373827457428,2.0667166471481324,0.08914503008127213,0.08914500027894974,1.0633706629276276,37.4,66.2,51.2625,37.4,66.2,51.2625,0.0
14090,0.024448949098587035,2.8774091958999635,0.6045170158147812,0.5684425830841064,2.8774091958999635,0.3690856538712978,0.3690856248140335,1.1244685709476472,35.2,60.6,47.825,35.2,60.6,47.825,0.0
14142,0.022115331888198853,2.9992493629455566,0.5401468366384506,0.5613245964050293,2.9992493629455566,0.08511823490262031,0.08511826023459435,1.0108686089515686,37.0,67.2,49.7125,37.0,67.2,49.7125,0.0
14194,0.02845504879951477,2.9930153131484984,0.688845744729042,0.8027827143669128,2.9930153131484984,0.10212131813168526,0.10212130174040794,1.0391604542732238,32.4,62.2,47.5,32.4,62.2,47.5,0.0
14246,0.02211061120033264,2.0312994480133058,0.5436956524848938,0.5372874140739441,2.0312994480133058,0.10487061589956284,0.10487060844898224,0.9231583595275878,38.4,72.4,50.6875,38.4,72.4,50.6875,0.0
14298,0.02385299503803253,1.9786520957946778,0.586757269501686,0.7130841016769409,1.9786520957946778,0.18486873358488082,0.18486871868371962,0.8824244856834411,34.6,60.2,47.7125,34.6,60.2,47.7125,0.0
14350,0.026511707901954652,2.0073553562164306,0.6520878821611404,0.45698225498199463,2.0073553562164306,0.10618014633655548,0.10618014633655548,0.9924877285957336,34.6,59.6,47.975,34.6,59.6,47.975,0.0
14402,0.02661418914794922,2.8195283889770506,0.6485909163951874,0.5637636780738831,2.8195283889770506,0.3902889803051949,0.39028892666101456,1.0415139615535736,35.0,62.2,48.45,35.0,62.2,48.45,0.0
14454,0.02948249876499176,1.9931448698043823,0.7218040406703949,0.5993524789810181,1.9931448698043823,0.12274779379367828,0.12274779230356217,1.1746153116226197,35.2,60.8,47.4625,35.2,60.8,47.4625,0.0
14506,0.024409985542297362,2.824069046974182,0.5953029900789261,0.5014126300811768,2.824069046974182,0.432609061896801,0.43260905891656876,0.9837181329727173,34.8,64.6,48.225,34.8,64.6,48.225,0.0
14558,0.0294818639755249,2.037946319580078,0.7256210625171662,0.4769785702228546,2.037946319580078,0.09868222028017044,0.0986822322010994,0.8191814422607422,37.0,65.8,48.625,37.0,65.8,48.625,0.0
14610,0.029370349645614625,2.0558401346206665,0.7204892456531524,0.4441682994365692,2.0558401346206665,0.10413917899131775,0.10413917601108551,1.0606477320194245,37.2,63.4,47.5625,37.2,63.4,47.5625,0.0
14662,0.026812675595283508,2.0515684604644777,0.6545479893684387,0.6497752666473389,2.0515684604644777,0.10650884807109832,0.10650881826877594,1.075933974981308,37.8,68.4,50.0375,37.8,68.4,50.0375,0.0
14714,0.02257412075996399,2.9314296722412108,0.557080066204071,0.4597613215446472,2.9314296722412108,0.1017002984881401,0.10170031040906906,0.7940387666225434,38.0,62.2,49.75,38.0,62.2,49.75,0.0
14766,0.025158151984214783,1.989991021156311,0.6193945646286011,0.669630229473114,1.989991021156311,0.11287386417388916,0.11287385150790215,1.0329018473625182,38.4,64.8,50.9625,38.4,64.8,50.9625,0.0
14818,0.021287524700164796,2.042566204071045,0.5220149725675582,0.46561506390571594,2.042566204071045,0.13066375851631165,0.13066375628113747,1.0179591834545136,34.4,61.2,49.2625,34.4,61.2,49.2625,0.0
14870,0.02080520987510681,2.879659414291382,0.5097766816616058,0.39794817566871643,2.879659414291382,0.4011797055602074,0.40117969512939455,0.8563953161239624,33.6,64.0,49.7625,33.6,64.0,49.7625,0.0
14922,0.023274342715740203,2.0108564138412475,0.5689154624938965,0.48181185126304626,2.0108564138412475,0.11763628795742989,0.1176362805068493,0.8675135374069214,37.6,66.8,50.125,37.6,66.8,50.125,0.0
14974,0.024958881735801696,2.0255361080169676,0.6107167959213257,0.6624162793159485,2.0255361080169676,0.10672921538352967,0.10672922357916832,0.8222287893295288,37.8,74.6,52.45,37.8,74.6,52.45,0.0
15026,0.028859949111938475,2.0494839191436767,0.709174656867981,0.6053522825241089,2.0494839191436767,0.09497516229748726,0.0949751652777195,0.8127797245979309,35.2,60.2,46.9,35.2,60.2,46.9,0.0
15078,0.0248641699552536,2.000419354438782,0.6113063395023346,0.4874659478664398,2.000419354438782,0.08835145607590675,0.08835145384073258,0.7701222598552704,37.6,64.4,51.075,37.6,64.4,51.075,0.0
15130,0.026805788278579712,3.0223647594451903,0.6563785910606384,0.5180758833885193,3.0223647594451903,0.1110760908573866,0.11107607558369637,1.0982786059379577,31.4,61.2,46.7,31.4,61.2,46.7,0.0
15182,0.025171610713005065,2.029637670516968,0.6180624812841415,0.4074927270412445,2.029637670516968,0.11928521692752839,0.11928520649671555,0.9523474276065826,37.4,63.0,49.125,37.4,63.0,49.125,0.0
15234,0.024560604989528657,2.031590223312378,0.6035844802856445,0.5746356248855591,2.031590223312378,0.11283924132585525,0.11283923089504241,1.0853593051433563,36.0,63.8,49.6,36.0,63.8,49.6,0.0
15286,0.02657124102115631,2.0788980960845946,0.6522573411464692,0.608154296875,2.0788980960845946,0.09330073148012161,0.09330076277256012,1.1095140397548675,36.8,62.8,47.9,36.8,62.8,47.9,0.0
15338,0.02059795558452606,2.6425530910491943,0.5069216758012771,0.7163434028625488,2.6425530910491943,0.5229455038905144,0.5229455038905144,1.0938057124614715,37.6,64.0,49.1,37.6,64.0,49.1,0.0
15390,0.02407064288854599,2.0220973968505858,0.5901464939117431,0.6208586096763611,2.0220973968505858,0.12128852605819702,0.1212885245680809,0.8540880858898163,35.0,60.0,47.95,35.0,60.0,47.95,0.0
15442,0.023272159695625304,2.050781416893005,0.5713636428117752,0.5051103234291077,2.050781416893005,0.08890167698264122,0.08890166580677032,1.0717014908790587,36.0,61.6,48.65,36.0,61.6,48.65,0.0
15494,0.021357689797878266,2.6773008823394777,0.5249563962221145,0.44643446803092957,2.6773008823394777,0.4769108697772026,0.47691087126731874,0.8984293282032013,40.4,64.2,50.8875,40.4,64.2,50.8875,0.0
15546,0.023936739563941954,2.056267261505127,0.5906437903642654,0.519953191280365,2.056267261505127,0.10680418908596039,0.10680419057607651,1.1312879264354705,35.2,63.4,48.9875,35.2,63.4,48.9875,0.0
15598,0.02511838972568512,1.9726904392242433,0.6190351188182831,0.4926750361919403,1.9726904392242433,0.10562270730733872,0.10562271177768708,1.1326885640621185,34.8,66.0,50.275,34.8,66.0,50.275,0.0
15650,0.02782953679561615,2.0327312707901,0.6798458665609359,0.605140745639801,2.0327312707901,0.1226013332605362,0.12260131686925888,1.1952650010585786,32.4,62.4,47.275,32.4,62.4,47.275,0.0
15702,0.03141529858112335,1.9985721111297607,0.7681014358997345,0.5774630308151245,1.9985721111297607,0.08664763271808625,0.08664760887622833,1.0813733458518981,33.0,61.2,45.7875,33.0,61.2,45.7875,0.0
15754,0.022705018520355225,2.045776128768921,0.5564089179039001,0.5008384585380554,2.045776128768921,0.11012429594993592,0.11012428030371665,1.0352704107761384,34.4,65.6,49.55,34.4,65.6,49.55,0.0
15806,0.02199336588382721,3.8180087089538572,0.5370357930660248,0.48036593198776245,3.8180087089538572,0.3720354914665222,0.37203543856739996,0.8682788014411926,35.6,67.0,48.8125,35.6,67.0,48.8125,0.0
15858,0.021565742790699005,2.0386408805847167,0.531787633895874,0.6134490370750427,2.0386408805847167,0.09688327312469483,0.09688327461481094,0.894956398010254,36.8,64.8,49.4,36.8,64.8,49.4,0.0
15910,0.024605962634086608,3.994362139701843,0.6067402988672257,0.49197155237197876,3.994362139701843,0.07646854259073735,0.07646857239305974,1.074329400062561,34.6,62.0,48.7375,34.6,62.0,48.7375,0.0
15962,0.022083181142807006,2.0126615524291993,0.5389462888240815,0.4723629653453827,2.0126615524291993,0.11104858368635177,0.11104858368635177,0.9471753180027008,36.2,60.2,49.1125,36.2,60.2,49.1125,0.0
16014,0.019234108924865722,4.40254545211792,0.47510288655757904,0.47040385007858276,4.40254545211792,0.8297123610973358,0.8297123644500971,1.0057360887527467,35.8,62.2,47.975,35.8,62.2,47.975,0.0
16066,0.029975259304046632,1.8862469434738158,0.7304759919643402,0.5991276502609253,1.8862469434738158,0.10467660576105117,0.10467658936977386,1.0400903522968292,37.4,69.6,49.9625,37.4,69.6,49.9625,0.0
16118,0.024955236911773683,1.999003791809082,0.6134142637252807,0.5112928748130798,1.999003791809082,0.08199466019868851,0.0819946587085724,1.0176874995231628,37.8,64.4,48.7625,37.8,64.4,48.7625,0.0
16170,0.0259208083152771,2.0079283714294434,0.6297117054462433,0.5193734765052795,2.0079283714294434,0.09781373292207718,0.09781371280550957,0.7908552050590515,33.8,67.2,49.0875,33.8,67.2,49.0875,0.0
16222,0.026385101675987243,1.9908641576766968,0.6429762125015259,0.5819684863090515,1.9908641576766968,0.11339585483074188,0.11339584738016129,0.9079871237277984,33.4,64.0,48.4625,33.4,64.0,48.4625,0.0
16274,0.02110660672187805,1.9895013093948364,0.519831657409668,0.6090476512908936,1.9895013093948364,0.12814777791500093,0.12814776003360748,1.0973249852657319,34.6,64.0,48.9125,34.6,64.0,48.9125,0.0
16326,0.02837408185005188,1.9850679636001587,0.6945291996002197,0.5427718162536621,1.9850679636001587,0.10769024789333344,0.10769024640321731,0.9475407302379608,36.0,63.6,48.7375,36.0,63.6,48.7375,0.0
16378,0.028337275981903075,2.0221884489059447,0.6928090691566468,0.6208958625793457,2.0221884489059447,0.0969101183116436,0.09691012352705002,0.8959889948368073,36.2,66.6,49.475,36.2,66.6,49.475,0.0
16430,0.023050576448440552,2.964242124557495,0.5690314918756485,0.48821812868118286,2.964242124557495,0.2908876001834869,0.2908876076340675,0.9666721105575562,37.0,68.4,51.675,37.0,68.4,51.675,0.0
16482,0.027930203080177306,1.932372760772705,0.6828594624996185,0.6233453750610352,1.932372760772705,0.09530526101589203,0.09530526697635651,1.0569516003131867,37.4,71.0,51.1,37.4,71.0,51.1,0.0
16534,0.02343882918357849,2.9361271381378176,0.5539073020219802,0.5022730231285095,2.9361271381378176,0.27700518295168874,0.27700516358017924,0.9594326198101044,35.0,62.8,46.91666717529297,35.0,101.2,49.5375,0.0125
16586,0.027213120460510255,2.0170054912567137,0.6668114721775055,0.5550028085708618,2.0170054912567137,0.10646886229515076,0.10646885186433792,1.0442476451396943,36.2,62.6,48.6,36.2,62.6,48.6,0.0
16638,0.02418562173843384,1.9581411600112915,0.5937866747379303,0.5952611565589905,1.9581411600112915,0.13062589652836323,0.13062588013708593,1.1068987727165223,37.6,64.8,48.7375,37.6,64.8,48.7375,0.0
16690,0.025973570346832276,2.0572669982910154,0.6382993727922439,0.47215837240219116,2.0572669982910154,0.09046787545084953,0.09046786352992058,1.133597046136856,35.6,59.8,48.25,35.6,59.8,48.25,0.0
16742,0.02693224251270294,1.9726984262466432,0.6616539716720581,0.5005092024803162,1.9726984262466432,0.10757883340120315,0.10757884085178375,1.1135753333568572,39.0,69.6,53.0375,39.0,69.6,53.0375,0.0
16794,0.02285805344581604,2.978016424179077,0.5556961864233017,0.799714982509613,2.978016424179077,0.1244123935699463,0.12441236972808838,0.852773267030716,33.8,60.6,45.5,33.8,60.6,45.5,0.0
16846,0.02447030395269394,2.0536101341247557,0.5998501241207123,0.5236285924911499,2.0536101341247557,0.10335736721754074,0.10335735827684403,1.0842313170433044,36.8,64.0,48.3375,36.8,64.0,48.3375,0.0
16898,0.025423604249954223,2.9495027542114256,0.6267751723527908,0.5746825933456421,2.9495027542114256,0.11512419134378434,0.1151241973042488,1.0258437931537627,38.0,65.4,49.0,38.0,65.4,49.0,0.0
16950,0.024003127217292787,2.0428536176681518,0.5892321974039078,0.4692712128162384,2.0428536176681518,0.11628076583147048,0.11628076881170273,0.8950206935405731,37.2,71.6,51.025,37.2,71.6,51.025,0.0
17002,0.025866425037384032,2.0507937908172607,0.6321498155593872,0.549008309841156,2.0507937908172607,0.125385083258152,0.12538504749536514,1.1224290370941161,36.4,65.4,50.9,36.4,65.4,50.9,0.0
17054,0.02309366762638092,2.857748556137085,0.5639101773500442,0.4969431161880493,2.857748556137085,0.4358150601387024,0.43581505715847013,1.019132399559021,33.0,73.0,49.5375,33.0,73.0,49.5375,0.0
17106,0.025814184546470643,2.944700574874878,0.6325445264577866,0.4793459177017212,2.944700574874878,0.2838014468550682,0.28380143344402314,1.1011675477027894,32.4,62.8,49.4625,32.4,62.8,49.4625,0.0
17158,0.028524544835090638,2.0195261001586915,0.6979580014944077,0.5844211578369141,2.0195261001586915,0.09330361932516099,0.09330362156033516,1.078153282403946,32.8,66.0,47.5375,32.8,66.0,47.5375,0.0
17210,0.020817048847675323,2.0169384717941283,0.5095936685800553,0.5062234401702881,2.0169384717941283,0.10790376514196395,0.10790374726057053,1.1117279648780822,34.8,61.0,46.975,34.8,61.0,46.975,0.0
17262,0.023176123201847077,2.0323081016540527,0.5704461544752121,0.5817898511886597,2.0323081016540527,0.09547742754220963,0.09547740668058395,1.0954372763633728,36.4,65.0,48.575,36.4,65.0,48.575,0.0
17314,0.025124633312225343,2.0014162063598633,0.6210408806800842,0.6882590651512146,2.0014162063598633,0.0968163825571537,0.09681636840105057,1.0542510628700257,36.8,62.8,48.575,36.8,62.8,48.575,0.0
17366,0.027167317271232606,2.012170505523682,0.671975040435791,0.5679547786712646,2.012170505523682,0.1238070398569107,0.12380703091621399,1.0532842576503754,35.2,61.8,48.0125,35.2,61.8,48.0125,0.0
17418,0.023179608583450317,3.01721351146698,0.5729682564735412,0.5459679365158081,3.01721351146698,0.09611764624714851,0.09611762911081315,1.0523473739624023,38.4,61.0,49.1125,38.4,61.0,49.1125,0.0
17470,0.023853906989097597,1.9883738040924073,0.5821179449558258,0.4835260212421417,1.9883738040924073,0.13933624178171158,0.13933623880147933,0.8312173187732697,39.0,72.4,52.3875,39.0,72.4,52.3875,0.0
17522,0.020971298217773438,2.048179864883423,0.5172515124082565,0.5340667963027954,2.048179864883423,0.11182487607002259,0.1118248462677002,1.0342811584472655,36.8,64.0,50.65,36.8,64.0,50.65,0.0
17574,0.029906439781188964,3.0013373136520385,0.7377952098846435,0.6991486549377441,3.0013373136520385,0.08744139634072781,0.08744136281311513,1.0511207342147828,37.8,59.8,48.175,37.8,59.8,48.175,0.0
17626,0.022497358918190002,3.020736050605774,0.5503106534481048,0.516140341758728,3.020736050605774,0.09931496791541576,0.09931500777602195,1.1358683586120606,37.4,67.8,51.325,37.4,67.8,51.325,0.0
17678,0.02207009047269821,2.6730983734130858,0.5328750818967819,0.508481502532959,2.6730983734130858,0.49645991772413256,0.4964599147439003,0.9825918674468994,34.2,69.0,48.675,34.2,69.0,48.675,0.0
17730,0.02252274751663208,2.007461404800415,0.5496242612600326,0.5860099196434021,2.007461404800415,0.12291552871465683,0.12291552424430847,1.0164309084415435,35.6,66.8,50.725,35.6,66.8,50.725,0.0
17782,0.025038737058639526,2.7940622329711915,0.6164072215557098,0.5139893293380737,2.7940622329711915,0.440338334441185,0.4403383031487465,0.9366597890853882,35.8,60.6,48.15,35.8,60.6,48.15,0.0
17834,0.029081326723098756,2.008566069602966,0.7107161998748779,0.5560278296470642,2.008566069602966,0.10326829887926578,0.10326829552650452,1.059569525718689,34.4,65.8,47.2875,34.4,65.8,47.2875,0.0
17886,0.02647898197174072,1.9059588670730592,0.6454948425292969,0.48050087690353394,1.9059588670730592,0.11263272166252136,0.11263271272182465,0.9253855526447297,32.6,61.6,45.6625,32.6,61.6,45.6625,0.0
17938,0.02862984240055084,2.060248780250549,0.7018119633197785,0.4992145597934723,2.060248780250549,0.09282685220241546,0.09282686412334443,0.985160768032074,35.0,60.8,46.575,35.0,60.8,46.575,0.0
17990,0.021871207654476164,1.986852502822876,0.5349422961473465,0.5047877430915833,1.986852502822876,0.08925333842635155,0.08925331607460976,1.0030826866626739,35.4,65.4,50.75,35.4,65.4,50.75,0.0
18042,0.029204061627388,2.015931224822998,0.7114941895008087,0.5441133379936218,2.015931224822998,0.10493863672018051,0.10493862181901932,1.057402116060257,33.6,71.0,48.6125,33.6,71.0,48.6125,0.0
18094,0.02387973815202713,3.0039634227752687,0.5809210807085037,0.579997181892395,3.0039634227752687,0.0921538844704628,0.09215389639139175,1.1498086214065553,34.6,65.4,48.1,34.6,65.4,48.1,0.0
18146,0.02490903586149216,1.9581292629241944,0.6137025266885757,0.4827406108379364,1.9581292629241944,0.10577400475740432,0.10577398836612702,0.9956712067127228,38.6,63.8,49.675,38.6,63.8,49.675,0.0
18198,0.02230484187602997,3.0053074836730955,0.5514446496963501,0.5848870873451233,3.0053074836730955,0.2859624244272709,0.2859624266624451,1.1777565360069275,38.4,62.4,49.1625,38.4,62.4,49.1625,0.0
18250,0.022300729155540468,3.009954404830933,0.5499254375696182,0.6093977689743042,3.009954404830933,0.0879842683672905,0.08798426687717438,1.1224196434020997,35.8,58.4,47.075,35.8,58.4,47.075,0.0
18302,0.02482989728450775,2.04907112121582,0.6083607286214828,0.5518444180488586,2.04907112121582,0.10700102671980857,0.10700101926922798,1.0088255882263184,34.8,63.0,48.6125,34.8,63.0,48.6125,0.0
18354,0.023025673627853394,2.045430326461792,0.5564650654792785,0.4914718568325043,2.045430326461792,0.10556886941194535,0.10556885749101638,0.8872579336166382,32.2,64.2,48.05,32.2,64.2,48.05,0.0
18406,0.022540855407714843,2.006014323234558,0.5522626668214798,0.5197040438652039,2.006014323234558,0.11726316064596176,0.11726318299770355,0.9542088568210602,35.0,62.0,48.775,35.0,62.0,48.775,0.0
18458,0.026316598057746887,1.9860087871551513,0.6403888195753098,0.4540846049785614,1.9860087871551513,0.09622741490602493,0.09622741639614105,0.9797239065170288,32.0,66.8,48.5375,32.0,66.8,48.5375,0.0
18510,0.025998130440711975,1.9767640352249145,0.6374250203371048,0.5311201810836792,1.9767640352249145,0.10540428757667542,0.10540428385138512,1.067533016204834,37.2,70.0,50.4375,37.2,70.0,50.4375,0.0
18562,0.02269403338432312,2.0111832141876222,0.5535284072160721,0.5656751990318298,2.0111832141876222,0.12394905835390091,0.12394905835390091,0.9072600960731506,31.0,58.8,44.8875,31.0,58.8,44.8875,0.0
18614,0.02713814377784729,1.9585511922836303,0.6616461098194122,0.6244155168533325,1.9585511922836303,0.13335931152105332,0.133359295129776,0.9008576810359955,34.6,64.4,47.4375,34.6,64.4,47.4375,0.0
18666,0.024003487825393677,2.0205706119537354,0.5878238022327423,0.6992504596710205,2.0205706119537354,0.09584572762250901,0.09584573656320572,1.0915895462036134,38.2,68.4,50.25,38.2,68.4,50.25,0.0
18718,0.03030151128768921,1.9623088598251344,0.735835713148117,0.5522335171699524,1.9623088598251344,0.11848233863711358,0.1184823326766491,1.0118492603302003,33.6,68.0,49.85,33.6,68.0,49.85,0.0
