"train/global_step","grpo_vastai_20260220_001219 - train/rewards/reward_fn/std","grpo_vastai_20260220_001219 - train/rewards/reward_fn/std__MIN","grpo_vastai_20260220_001219 - train/rewards/reward_fn/std__MAX","grpo_vastai_20260220_001219 - _step","grpo_vastai_20260220_001219 - _step__MIN","grpo_vastai_20260220_001219 - _step__MAX"
"1","0.5395796298980713","0.5395796298980713","0.5395796298980713","10","10","10"
"2","0.6440243124961853","0.6440243124961853","0.6440243124961853","22","22","22"
"3","0.7058328986167908","0.7058328986167908","0.7058328986167908","34","34","34"
"4","0.5580390095710754","0.5580390095710754","0.5580390095710754","46","46","46"
"5","0.5611042976379395","0.5611042976379395","0.5611042976379395","58","58","58"
"6","2.435246229171753","2.435246229171753","2.435246229171753","70","70","70"
"7","0.5734058022499084","0.5734058022499084","0.5734058022499084","82","82","82"
"8","0.4058271646499634","0.4058271646499634","0.4058271646499634","94","94","94"
"9","0.5656988024711609","0.5656988024711609","0.5656988024711609","106","106","106"
"10","0.594590961933136","0.594590961933136","0.594590961933136","118","118","118"
"11","0.6667709946632385","0.6667709946632385","0.6667709946632385","130","130","130"
"12","0.5366857051849365","0.5366857051849365","0.5366857051849365","142","142","142"
"13","0.62534099817276","0.62534099817276","0.62534099817276","154","154","154"
"14","2.5312671661376953","2.5312671661376953","2.5312671661376953","166","166","166"
"15","0.688995897769928","0.688995897769928","0.688995897769928","178","178","178"
"16","0.5961358547210693","0.5961358547210693","0.5961358547210693","190","190","190"
"17","0.665818989276886","0.665818989276886","0.665818989276886","202","202","202"
"18","0.6056670546531677","0.6056670546531677","0.6056670546531677","214","214","214"
"19","0.6284580826759338","0.6284580826759338","0.6284580826759338","226","226","226"
"20","0.578819990158081","0.578819990158081","0.578819990158081","238","238","238"
"21","0.5891135931015015","0.5891135931015015","0.5891135931015015","250","250","250"
"22","0.6734516024589539","0.6734516024589539","0.6734516024589539","262","262","262"
"23","0.6101686954498291","0.6101686954498291","0.6101686954498291","274","274","274"
"24","0.5097432732582092","0.5097432732582092","0.5097432732582092","286","286","286"
"25","0.6902111768722534","0.6902111768722534","0.6902111768722534","298","298","298"
"26","0.6446451544761658","0.6446451544761658","0.6446451544761658","310","310","310"
"27","0.5860416889190674","0.5860416889190674","0.5860416889190674","322","322","322"
"28","0.6806575059890747","0.6806575059890747","0.6806575059890747","334","334","334"
"29","0.6428766846656799","0.6428766846656799","0.6428766846656799","346","346","346"
"30","0.7540925145149231","0.7540925145149231","0.7540925145149231","358","358","358"
"31","0.6931083798408508","0.6931083798408508","0.6931083798408508","370","370","370"
"32","0.45249807834625244","0.45249807834625244","0.45249807834625244","382","382","382"
"33","2.5550191402435303","2.5550191402435303","2.5550191402435303","394","394","394"
"34","0.5097441077232361","0.5097441077232361","0.5097441077232361","406","406","406"
"35","0.6465640068054199","0.6465640068054199","0.6465640068054199","418","418","418"
"36","0.6578847169876099","0.6578847169876099","0.6578847169876099","430","430","430"
"37","0.5825438499450684","0.5825438499450684","0.5825438499450684","442","442","442"
"38","0.6563592553138733","0.6563592553138733","0.6563592553138733","454","454","454"
"39","0.617186963558197","0.617186963558197","0.617186963558197","466","466","466"
"40","0.6464054584503174","0.6464054584503174","0.6464054584503174","478","478","478"
"41","2.5213897228240967","2.5213897228240967","2.5213897228240967","490","490","490"
"42","0.702241837978363","0.702241837978363","0.702241837978363","502","502","502"
"43","0.7638033032417297","0.7638033032417297","0.7638033032417297","514","514","514"
"44","2.766937017440796","2.766937017440796","2.766937017440796","526","526","526"
"45","0.6475669741630554","0.6475669741630554","0.6475669741630554","538","538","538"
"46","0.6498126983642578","0.6498126983642578","0.6498126983642578","550","550","550"
"47","0.6195549964904785","0.6195549964904785","0.6195549964904785","562","562","562"
"48","0.5881856083869934","0.5881856083869934","0.5881856083869934","574","574","574"
"49","0.6511256098747253","0.6511256098747253","0.6511256098747253","586","586","586"
"50","0.6001564264297485","0.6001564264297485","0.6001564264297485","598","598","598"
"51","0.45967602729797363","0.45967602729797363","0.45967602729797363","610","610","610"
"52","0.6774000525474548","0.6774000525474548","0.6774000525474548","622","622","622"
"53","0.5334911942481995","0.5334911942481995","0.5334911942481995","634","634","634"
"54","0.5568617582321167","0.5568617582321167","0.5568617582321167","646","646","646"
"55","0.5158867835998535","0.5158867835998535","0.5158867835998535","658","658","658"
"56","0.4682658314704895","0.4682658314704895","0.4682658314704895","670","670","670"
"57","0.4558374285697937","0.4558374285697937","0.4558374285697937","682","682","682"
"58","0.48890915513038635","0.48890915513038635","0.48890915513038635","694","694","694"
"59","0.5981138348579407","0.5981138348579407","0.5981138348579407","706","706","706"
"60","0.510776698589325","0.510776698589325","0.510776698589325","718","718","718"
"61","2.6221258640289307","2.6221258640289307","2.6221258640289307","730","730","730"
"62","0.5970699191093445","0.5970699191093445","0.5970699191093445","742","742","742"
"63","0.5021122097969055","0.5021122097969055","0.5021122097969055","754","754","754"
"64","0.5633535385131836","0.5633535385131836","0.5633535385131836","766","766","766"
"65","0.47871389985084534","0.47871389985084534","0.47871389985084534","778","778","778"
"66","0.6464583873748779","0.6464583873748779","0.6464583873748779","790","790","790"
"67","0.5444598197937012","0.5444598197937012","0.5444598197937012","802","802","802"
"68","0.46951955556869507","0.46951955556869507","0.46951955556869507","814","814","814"
"69","0.6161879301071167","0.6161879301071167","0.6161879301071167","826","826","826"
"70","0.6520994305610657","0.6520994305610657","0.6520994305610657","838","838","838"
"71","0.618801474571228","0.618801474571228","0.618801474571228","850","850","850"
"72","2.5520095825195312","2.5520095825195312","2.5520095825195312","862","862","862"
"73","0.6244224309921265","0.6244224309921265","0.6244224309921265","874","874","874"
"74","0.33908993005752563","0.33908993005752563","0.33908993005752563","886","886","886"
"75","2.3587143421173096","2.3587143421173096","2.3587143421173096","898","898","898"
"76","0.47217467427253723","0.47217467427253723","0.47217467427253723","910","910","910"
"77","0.5720341205596924","0.5720341205596924","0.5720341205596924","922","922","922"
"78","0.620832085609436","0.620832085609436","0.620832085609436","934","934","934"
"79","0.7284460663795471","0.7284460663795471","0.7284460663795471","946","946","946"
"80","0.5349422097206116","0.5349422097206116","0.5349422097206116","958","958","958"
"81","0.5446230173110962","0.5446230173110962","0.5446230173110962","970","970","970"
"82","0.5801328420639038","0.5801328420639038","0.5801328420639038","982","982","982"
"83","0.5627804398536682","0.5627804398536682","0.5627804398536682","994","994","994"
"84","0.7501547336578369","0.7501547336578369","0.7501547336578369","1006","1006","1006"
"85","2.1030678749084473","2.1030678749084473","2.1030678749084473","1018","1018","1018"
"86","0.5917233824729919","0.5917233824729919","0.5917233824729919","1030","1030","1030"
"87","0.5843008160591125","0.5843008160591125","0.5843008160591125","1042","1042","1042"
"88","0.5942816734313965","0.5942816734313965","0.5942816734313965","1054","1054","1054"
"89","0.5864986777305603","0.5864986777305603","0.5864986777305603","1066","1066","1066"
"90","0.6257535219192505","0.6257535219192505","0.6257535219192505","1078","1078","1078"
"91","0.41135600209236145","0.41135600209236145","0.41135600209236145","1090","1090","1090"
"92","0.6047883629798889","0.6047883629798889","0.6047883629798889","1102","1102","1102"
"93","2.422717571258545","2.422717571258545","2.422717571258545","1114","1114","1114"
"94","0.7001199722290039","0.7001199722290039","0.7001199722290039","1126","1126","1126"
"95","2.550708055496216","2.550708055496216","2.550708055496216","1138","1138","1138"
"96","0.6623570322990417","0.6623570322990417","0.6623570322990417","1150","1150","1150"
"97","0.6189868450164795","0.6189868450164795","0.6189868450164795","1162","1162","1162"
"98","0.7361765503883362","0.7361765503883362","0.7361765503883362","1174","1174","1174"
"99","0.6503629088401794","0.6503629088401794","0.6503629088401794","1186","1186","1186"
"100","0.6237185597419739","0.6237185597419739","0.6237185597419739","1198","1198","1198"
"101","0.6283538937568665","0.6283538937568665","0.6283538937568665","1210","1210","1210"
"102","0.6649563312530518","0.6649563312530518","0.6649563312530518","1222","1222","1222"
"103","0.6133360862731934","0.6133360862731934","0.6133360862731934","1234","1234","1234"
"104","0.5251157879829407","0.5251157879829407","0.5251157879829407","1246","1246","1246"
"105","2.3712568283081055","2.3712568283081055","2.3712568283081055","1258","1258","1258"
"106","2.3632614612579346","2.3632614612579346","2.3632614612579346","1270","1270","1270"
"107","0.6713820099830627","0.6713820099830627","0.6713820099830627","1282","1282","1282"
"108","0.6205015778541565","0.6205015778541565","0.6205015778541565","1294","1294","1294"
"109","1.7386775016784668","1.7386775016784668","1.7386775016784668","1306","1306","1306"
"110","0.718066394329071","0.718066394329071","0.718066394329071","1318","1318","1318"
"111","0.6605875492095947","0.6605875492095947","0.6605875492095947","1330","1330","1330"
"112","2.222687244415283","2.222687244415283","2.222687244415283","1342","1342","1342"
"113","0.508671224117279","0.508671224117279","0.508671224117279","1354","1354","1354"
"114","2.5337865352630615","2.5337865352630615","2.5337865352630615","1366","1366","1366"
"115","0.6297593712806702","0.6297593712806702","0.6297593712806702","1378","1378","1378"
"116","0.7465190887451172","0.7465190887451172","0.7465190887451172","1390","1390","1390"
"117","0.7024615406990051","0.7024615406990051","0.7024615406990051","1402","1402","1402"
"118","2.508314609527588","2.508314609527588","2.508314609527588","1414","1414","1414"
"119","2.4621596336364746","2.4621596336364746","2.4621596336364746","1426","1426","1426"
"120","0.5694869756698608","0.5694869756698608","0.5694869756698608","1438","1438","1438"
"121","0.6117345690727234","0.6117345690727234","0.6117345690727234","1450","1450","1450"
"122","2.4451849460601807","2.4451849460601807","2.4451849460601807","1462","1462","1462"
"123","0.6154140830039978","0.6154140830039978","0.6154140830039978","1474","1474","1474"
"124","0.5694693326950073","0.5694693326950073","0.5694693326950073","1486","1486","1486"
"125","0.6530997157096863","0.6530997157096863","0.6530997157096863","1498","1498","1498"
"126","0.6056941151618958","0.6056941151618958","0.6056941151618958","1510","1510","1510"
"127","0.6742933392524719","0.6742933392524719","0.6742933392524719","1522","1522","1522"
"128","0.6323040127754211","0.6323040127754211","0.6323040127754211","1534","1534","1534"
"129","0.5790802836418152","0.5790802836418152","0.5790802836418152","1546","1546","1546"
"130","0.6793912649154663","0.6793912649154663","0.6793912649154663","1558","1558","1558"
"131","0.48652029037475586","0.48652029037475586","0.48652029037475586","1570","1570","1570"
"132","0.5394433736801147","0.5394433736801147","0.5394433736801147","1582","1582","1582"
"133","0.7157238721847534","0.7157238721847534","0.7157238721847534","1594","1594","1594"
"134","2.385251045227051","2.385251045227051","2.385251045227051","1606","1606","1606"
"135","0.6195550560951233","0.6195550560951233","0.6195550560951233","1618","1618","1618"
"136","0.5715977549552917","0.5715977549552917","0.5715977549552917","1630","1630","1630"
"137","0.5681504011154175","0.5681504011154175","0.5681504011154175","1642","1642","1642"
"138","0.6418676972389221","0.6418676972389221","0.6418676972389221","1654","1654","1654"
"139","0.5359878540039062","0.5359878540039062","0.5359878540039062","1666","1666","1666"
"140","0.7573599815368652","0.7573599815368652","0.7573599815368652","1678","1678","1678"
"141","0.5131417512893677","0.5131417512893677","0.5131417512893677","1690","1690","1690"
"142","0.5742544531822205","0.5742544531822205","0.5742544531822205","1702","1702","1702"
"143","0.6335468292236328","0.6335468292236328","0.6335468292236328","1714","1714","1714"
"144","0.767173171043396","0.767173171043396","0.767173171043396","1726","1726","1726"
"145","0.5766757130622864","0.5766757130622864","0.5766757130622864","1738","1738","1738"
"146","0.6176224946975708","0.6176224946975708","0.6176224946975708","1750","1750","1750"
"147","0.7181798219680786","0.7181798219680786","0.7181798219680786","1762","1762","1762"
"148","2.5456581115722656","2.5456581115722656","2.5456581115722656","1774","1774","1774"
"149","0.5089998841285706","0.5089998841285706","0.5089998841285706","1786","1786","1786"
"150","0.5681836009025574","0.5681836009025574","0.5681836009025574","1798","1798","1798"
"151","0.7204015851020813","0.7204015851020813","0.7204015851020813","1810","1810","1810"
"152","0.7771109342575073","0.7771109342575073","0.7771109342575073","1822","1822","1822"
"153","0.6820490956306458","0.6820490956306458","0.6820490956306458","1834","1834","1834"
"154","2.4412081241607666","2.4412081241607666","2.4412081241607666","1846","1846","1846"
"155","0.5942267775535583","0.5942267775535583","0.5942267775535583","1858","1858","1858"
"156","0.48334142565727234","0.48334142565727234","0.48334142565727234","1870","1870","1870"
"157","0.6149893999099731","0.6149893999099731","0.6149893999099731","1882","1882","1882"
"158","0.45690804719924927","0.45690804719924927","0.45690804719924927","1894","1894","1894"
"159","0.5794528126716614","0.5794528126716614","0.5794528126716614","1906","1906","1906"
"160","0.6119868755340576","0.6119868755340576","0.6119868755340576","1918","1918","1918"
"161","0.5513242483139038","0.5513242483139038","0.5513242483139038","1930","1930","1930"
"162","0.7066380381584167","0.7066380381584167","0.7066380381584167","1942","1942","1942"
"163","0.6952395439147949","0.6952395439147949","0.6952395439147949","1954","1954","1954"
"164","0.6252250671386719","0.6252250671386719","0.6252250671386719","1966","1966","1966"
"165","0.6548031568527222","0.6548031568527222","0.6548031568527222","1978","1978","1978"
"166","0.6599695086479187","0.6599695086479187","0.6599695086479187","1990","1990","1990"
"167","0.5525317788124084","0.5525317788124084","0.5525317788124084","2002","2002","2002"
"168","0.48426729440689087","0.48426729440689087","0.48426729440689087","2014","2014","2014"
"169","0.6955291628837585","0.6955291628837585","0.6955291628837585","2026","2026","2026"
"170","0.8047136068344116","0.8047136068344116","0.8047136068344116","2038","2038","2038"
"171","0.5575862526893616","0.5575862526893616","0.5575862526893616","2050","2050","2050"
"172","0.6372418999671936","0.6372418999671936","0.6372418999671936","2062","2062","2062"
"173","2.2895379066467285","2.2895379066467285","2.2895379066467285","2074","2074","2074"
"174","0.6530330181121826","0.6530330181121826","0.6530330181121826","2086","2086","2086"
"175","0.7074848413467407","0.7074848413467407","0.7074848413467407","2098","2098","2098"
"176","0.6736317873001099","0.6736317873001099","0.6736317873001099","2110","2110","2110"
"177","0.7176560163497925","0.7176560163497925","0.7176560163497925","2122","2122","2122"
"178","0.6526812314987183","0.6526812314987183","0.6526812314987183","2134","2134","2134"
"179","0.5143609046936035","0.5143609046936035","0.5143609046936035","2146","2146","2146"
"180","0.8792900443077087","0.8792900443077087","0.8792900443077087","2158","2158","2158"
"181","0.6439096927642822","0.6439096927642822","0.6439096927642822","2170","2170","2170"
"182","2.542146682739258","2.542146682739258","2.542146682739258","2182","2182","2182"
"183","0.6154078841209412","0.6154078841209412","0.6154078841209412","2194","2194","2194"
"184","0.5403360724449158","0.5403360724449158","0.5403360724449158","2206","2206","2206"
"185","2.0996415615081787","2.0996415615081787","2.0996415615081787","2218","2218","2218"
"186","0.7645924687385559","0.7645924687385559","0.7645924687385559","2230","2230","2230"
"187","0.677736222743988","0.677736222743988","0.677736222743988","2242","2242","2242"
"188","0.7497014999389648","0.7497014999389648","0.7497014999389648","2254","2254","2254"
"189","0.7192596793174744","0.7192596793174744","0.7192596793174744","2266","2266","2266"
"190","0.7721036672592163","0.7721036672592163","0.7721036672592163","2278","2278","2278"
"191","0.5699739456176758","0.5699739456176758","0.5699739456176758","2290","2290","2290"
"192","0.6343793869018555","0.6343793869018555","0.6343793869018555","2302","2302","2302"
"193","0.6710231900215149","0.6710231900215149","0.6710231900215149","2314","2314","2314"
"194","0.6306231021881104","0.6306231021881104","0.6306231021881104","2326","2326","2326"
"195","0.4974111020565033","0.4974111020565033","0.4974111020565033","2338","2338","2338"
"196","2.7626688480377197","2.7626688480377197","2.7626688480377197","2350","2350","2350"
"197","0.6156420111656189","0.6156420111656189","0.6156420111656189","2362","2362","2362"
"198","0.7152206301689148","0.7152206301689148","0.7152206301689148","2374","2374","2374"
"199","0.6383416652679443","0.6383416652679443","0.6383416652679443","2386","2386","2386"
"200","2.3709466457366943","2.3709466457366943","2.3709466457366943","2398","2398","2398"
"201","0.6564180850982666","0.6564180850982666","0.6564180850982666","2410","2410","2410"
"202","2.2127020359039307","2.2127020359039307","2.2127020359039307","2422","2422","2422"
"203","0.49867379665374756","0.49867379665374756","0.49867379665374756","2434","2434","2434"
"204","0.5345227122306824","0.5345227122306824","0.5345227122306824","2446","2446","2446"
"205","2.4053609371185303","2.4053609371185303","2.4053609371185303","2458","2458","2458"
"206","0.619327187538147","0.619327187538147","0.619327187538147","2470","2470","2470"
"207","0.6950251460075378","0.6950251460075378","0.6950251460075378","2482","2482","2482"
"208","0.6416380405426025","0.6416380405426025","0.6416380405426025","2494","2494","2494"
"209","0.6674688458442688","0.6674688458442688","0.6674688458442688","2506","2506","2506"
"210","0.6876267790794373","0.6876267790794373","0.6876267790794373","2518","2518","2518"
"211","0.7177130579948425","0.7177130579948425","0.7177130579948425","2530","2530","2530"
"212","0.5984008312225342","0.5984008312225342","0.5984008312225342","2542","2542","2542"
"213","0.7321888208389282","0.7321888208389282","0.7321888208389282","2554","2554","2554"
"214","0.568199872970581","0.568199872970581","0.568199872970581","2566","2566","2566"
"215","0.5325706601142883","0.5325706601142883","0.5325706601142883","2578","2578","2578"
"216","0.5066176056861877","0.5066176056861877","0.5066176056861877","2590","2590","2590"
"217","0.6591569185256958","0.6591569185256958","0.6591569185256958","2602","2602","2602"
"218","0.6256834864616394","0.6256834864616394","0.6256834864616394","2614","2614","2614"
"219","0.6736636161804199","0.6736636161804199","0.6736636161804199","2626","2626","2626"
"220","0.6601149439811707","0.6601149439811707","0.6601149439811707","2638","2638","2638"
"221","0.7982818484306335","0.7982818484306335","0.7982818484306335","2650","2650","2650"
"222","0.6478065848350525","0.6478065848350525","0.6478065848350525","2662","2662","2662"
"223","0.6772710084915161","0.6772710084915161","0.6772710084915161","2674","2674","2674"
"224","2.4274535179138184","2.4274535179138184","2.4274535179138184","2686","2686","2686"
"225","2.399510622024536","2.399510622024536","2.399510622024536","2698","2698","2698"
"226","0.5920394062995911","0.5920394062995911","0.5920394062995911","2710","2710","2710"
"227","0.5689029693603516","0.5689029693603516","0.5689029693603516","2722","2722","2722"
"228","0.7311618328094482","0.7311618328094482","0.7311618328094482","2734","2734","2734"
"229","2.2697455883026123","2.2697455883026123","2.2697455883026123","2746","2746","2746"
"230","0.7023194432258606","0.7023194432258606","0.7023194432258606","2758","2758","2758"
"231","0.7771608233451843","0.7771608233451843","0.7771608233451843","2770","2770","2770"
"232","0.7547969222068787","0.7547969222068787","0.7547969222068787","2782","2782","2782"
"233","2.1465213298797607","2.1465213298797607","2.1465213298797607","2794","2794","2794"
"234","0.6111019849777222","0.6111019849777222","0.6111019849777222","2806","2806","2806"
"235","0.6694820523262024","0.6694820523262024","0.6694820523262024","2818","2818","2818"
"236","0.6927174925804138","0.6927174925804138","0.6927174925804138","2830","2830","2830"
"237","0.759107232093811","0.759107232093811","0.759107232093811","2842","2842","2842"
"238","0.6376832127571106","0.6376832127571106","0.6376832127571106","2854","2854","2854"
"239","0.6270658373832703","0.6270658373832703","0.6270658373832703","2866","2866","2866"
"240","0.7011332511901855","0.7011332511901855","0.7011332511901855","2878","2878","2878"
"241","2.465639352798462","2.465639352798462","2.465639352798462","2890","2890","2890"
"242","0.5902475118637085","0.5902475118637085","0.5902475118637085","2902","2902","2902"
"243","2.4413435459136963","2.4413435459136963","2.4413435459136963","2914","2914","2914"
"244","0.7841929197311401","0.7841929197311401","0.7841929197311401","2926","2926","2926"
"245","0.6149338483810425","0.6149338483810425","0.6149338483810425","2938","2938","2938"
"246","2.680762529373169","2.680762529373169","2.680762529373169","2950","2950","2950"
"247","0.5779141783714294","0.5779141783714294","0.5779141783714294","2962","2962","2962"
"248","0.6162577271461487","0.6162577271461487","0.6162577271461487","2974","2974","2974"
"249","0.6921958327293396","0.6921958327293396","0.6921958327293396","2986","2986","2986"
"250","0.5554541945457458","0.5554541945457458","0.5554541945457458","2998","2998","2998"
"251","0.6158161759376526","0.6158161759376526","0.6158161759376526","3010","3010","3010"
"252","2.717613697052002","2.717613697052002","2.717613697052002","3022","3022","3022"
"253","0.7382635474205017","0.7382635474205017","0.7382635474205017","3034","3034","3034"
"254","0.6259412169456482","0.6259412169456482","0.6259412169456482","3046","3046","3046"
"255","0.7493685483932495","0.7493685483932495","0.7493685483932495","3058","3058","3058"
"256","2.5781948566436768","2.5781948566436768","2.5781948566436768","3070","3070","3070"
"257","2.6687514781951904","2.6687514781951904","2.6687514781951904","3082","3082","3082"
"258","0.6034559011459351","0.6034559011459351","0.6034559011459351","3094","3094","3094"
"259","0.5750188827514648","0.5750188827514648","0.5750188827514648","3106","3106","3106"
"260","0.6887326836585999","0.6887326836585999","0.6887326836585999","3118","3118","3118"
"261","2.8746049404144287","2.8746049404144287","2.8746049404144287","3130","3130","3130"
"262","0.6042725443840027","0.6042725443840027","0.6042725443840027","3142","3142","3142"
"263","0.5595254898071289","0.5595254898071289","0.5595254898071289","3154","3154","3154"
"264","0.6463055610656738","0.6463055610656738","0.6463055610656738","3166","3166","3166"
"265","2.2885546684265137","2.2885546684265137","2.2885546684265137","3178","3178","3178"
"266","0.7403351068496704","0.7403351068496704","0.7403351068496704","3190","3190","3190"
"267","2.383699417114258","2.383699417114258","2.383699417114258","3202","3202","3202"
"268","0.5704507231712341","0.5704507231712341","0.5704507231712341","3214","3214","3214"
"269","0.6602526307106018","0.6602526307106018","0.6602526307106018","3226","3226","3226"
"270","0.6418659090995789","0.6418659090995789","0.6418659090995789","3238","3238","3238"
"271","0.5821180939674377","0.5821180939674377","0.5821180939674377","3250","3250","3250"
"272","0.5751475095748901","0.5751475095748901","0.5751475095748901","3262","3262","3262"
"273","0.6658269762992859","0.6658269762992859","0.6658269762992859","3274","3274","3274"
"274","0.626167356967926","0.626167356967926","0.626167356967926","3286","3286","3286"
"275","0.6367257833480835","0.6367257833480835","0.6367257833480835","3298","3298","3298"
"276","0.6897750496864319","0.6897750496864319","0.6897750496864319","3310","3310","3310"
"277","0.6208053827285767","0.6208053827285767","0.6208053827285767","3322","3322","3322"
"278","0.564058244228363","0.564058244228363","0.564058244228363","3334","3334","3334"
"279","0.7344696521759033","0.7344696521759033","0.7344696521759033","3346","3346","3346"
"280","0.6532973647117615","0.6532973647117615","0.6532973647117615","3358","3358","3358"
"281","2.628549814224243","2.628549814224243","2.628549814224243","3370","3370","3370"
"282","0.5483123660087585","0.5483123660087585","0.5483123660087585","3382","3382","3382"
"283","2.6212878227233887","2.6212878227233887","2.6212878227233887","3394","3394","3394"
"284","0.6463078856468201","0.6463078856468201","0.6463078856468201","3406","3406","3406"
"285","0.7100838422775269","0.7100838422775269","0.7100838422775269","3418","3418","3418"
"286","0.6492879986763","0.6492879986763","0.6492879986763","3430","3430","3430"
"287","0.6141218543052673","0.6141218543052673","0.6141218543052673","3442","3442","3442"
"288","0.4797780513763428","0.4797780513763428","0.4797780513763428","3454","3454","3454"
"289","0.6604071259498596","0.6604071259498596","0.6604071259498596","3466","3466","3466"
"290","0.601424515247345","0.601424515247345","0.601424515247345","3478","3478","3478"
"291","0.5551049709320068","0.5551049709320068","0.5551049709320068","3490","3490","3490"
"292","0.5022964477539062","0.5022964477539062","0.5022964477539062","3502","3502","3502"
"293","0.6517981886863708","0.6517981886863708","0.6517981886863708","3514","3514","3514"
"294","2.469235420227051","2.469235420227051","2.469235420227051","3526","3526","3526"
"295","2.1476967334747314","2.1476967334747314","2.1476967334747314","3538","3538","3538"
"296","2.5963878631591797","2.5963878631591797","2.5963878631591797","3550","3550","3550"
"297","0.548755943775177","0.548755943775177","0.548755943775177","3562","3562","3562"
"298","0.7195283770561218","0.7195283770561218","0.7195283770561218","3574","3574","3574"
"299","0.5982649922370911","0.5982649922370911","0.5982649922370911","3586","3586","3586"
"300","0.6793875694274902","0.6793875694274902","0.6793875694274902","3598","3598","3598"
"301","0.6680977940559387","0.6680977940559387","0.6680977940559387","3610","3610","3610"
"302","0.6539802551269531","0.6539802551269531","0.6539802551269531","3622","3622","3622"
"303","2.410529375076294","2.410529375076294","2.410529375076294","3634","3634","3634"
"304","0.6559838652610779","0.6559838652610779","0.6559838652610779","3646","3646","3646"
"305","2.0752618312835693","2.0752618312835693","2.0752618312835693","3658","3658","3658"
"306","0.6310796737670898","0.6310796737670898","0.6310796737670898","3670","3670","3670"
"307","0.7419390082359314","0.7419390082359314","0.7419390082359314","3682","3682","3682"
"308","0.6054565906524658","0.6054565906524658","0.6054565906524658","3694","3694","3694"
"309","0.6402114629745483","0.6402114629745483","0.6402114629745483","3706","3706","3706"
"310","0.6479631066322327","0.6479631066322327","0.6479631066322327","3718","3718","3718"
"311","2.4574387073516846","2.4574387073516846","2.4574387073516846","3730","3730","3730"
"312","0.6857239007949829","0.6857239007949829","0.6857239007949829","3742","3742","3742"
"313","0.5465517044067383","0.5465517044067383","0.5465517044067383","3754","3754","3754"
"314","0.520015299320221","0.520015299320221","0.520015299320221","3766","3766","3766"
"315","0.5810943841934204","0.5810943841934204","0.5810943841934204","3778","3778","3778"
"316","0.6123936176300049","0.6123936176300049","0.6123936176300049","3790","3790","3790"
"317","0.6380766034126282","0.6380766034126282","0.6380766034126282","3802","3802","3802"
"318","0.6260825395584106","0.6260825395584106","0.6260825395584106","3814","3814","3814"
"319","0.527698278427124","0.527698278427124","0.527698278427124","3826","3826","3826"
"320","0.7119238972663879","0.7119238972663879","0.7119238972663879","3838","3838","3838"
"321","0.6071966290473938","0.6071966290473938","0.6071966290473938","3850","3850","3850"
"322","0.606015682220459","0.606015682220459","0.606015682220459","3862","3862","3862"
"323","0.641539990901947","0.641539990901947","0.641539990901947","3874","3874","3874"
"324","2.389601469039917","2.389601469039917","2.389601469039917","3886","3886","3886"
"325","0.6916154623031616","0.6916154623031616","0.6916154623031616","3898","3898","3898"
"326","0.8418865203857422","0.8418865203857422","0.8418865203857422","3910","3910","3910"
"327","0.6486069560050964","0.6486069560050964","0.6486069560050964","3922","3922","3922"
"328","2.228240966796875","2.228240966796875","2.228240966796875","3934","3934","3934"
"329","0.6424986720085144","0.6424986720085144","0.6424986720085144","3946","3946","3946"
"330","0.6289995908737183","0.6289995908737183","0.6289995908737183","3958","3958","3958"
"331","0.6799641847610474","0.6799641847610474","0.6799641847610474","3970","3970","3970"
"332","0.6353574991226196","0.6353574991226196","0.6353574991226196","3982","3982","3982"
"333","2.4432334899902344","2.4432334899902344","2.4432334899902344","3994","3994","3994"
"334","0.6298109889030457","0.6298109889030457","0.6298109889030457","4006","4006","4006"
"335","0.6878505945205688","0.6878505945205688","0.6878505945205688","4018","4018","4018"
"336","2.2161238193511963","2.2161238193511963","2.2161238193511963","4030","4030","4030"
"337","0.6991235613822937","0.6991235613822937","0.6991235613822937","4042","4042","4042"
"338","0.6243085861206055","0.6243085861206055","0.6243085861206055","4054","4054","4054"
"339","2.444984197616577","2.444984197616577","2.444984197616577","4066","4066","4066"
"340","0.6328866481781006","0.6328866481781006","0.6328866481781006","4078","4078","4078"
"341","0.6561737060546875","0.6561737060546875","0.6561737060546875","4090","4090","4090"
"342","0.677706778049469","0.677706778049469","0.677706778049469","4102","4102","4102"
"343","0.7046085596084595","0.7046085596084595","0.7046085596084595","4114","4114","4114"
"344","0.6459381580352783","0.6459381580352783","0.6459381580352783","4126","4126","4126"
"345","0.6860107779502869","0.6860107779502869","0.6860107779502869","4138","4138","4138"
"346","0.6044026017189026","0.6044026017189026","0.6044026017189026","4150","4150","4150"
"347","0.6788425445556641","0.6788425445556641","0.6788425445556641","4162","4162","4162"
"348","0.6729313731193542","0.6729313731193542","0.6729313731193542","4174","4174","4174"
"349","2.624570608139038","2.624570608139038","2.624570608139038","4186","4186","4186"
"350","0.673575222492218","0.673575222492218","0.673575222492218","4198","4198","4198"
"351","2.265994071960449","2.265994071960449","2.265994071960449","4210","4210","4210"
"352","0.6269996762275696","0.6269996762275696","0.6269996762275696","4222","4222","4222"
"353","0.6844749450683594","0.6844749450683594","0.6844749450683594","4234","4234","4234"
"354","0.591110110282898","0.591110110282898","0.591110110282898","4246","4246","4246"
"355","0.6038696765899658","0.6038696765899658","0.6038696765899658","4258","4258","4258"
"356","0.6748369336128235","0.6748369336128235","0.6748369336128235","4270","4270","4270"
"357","0.5908892154693604","0.5908892154693604","0.5908892154693604","4282","4282","4282"
"358","0.7000680565834045","0.7000680565834045","0.7000680565834045","4294","4294","4294"
"359","0.6903694272041321","0.6903694272041321","0.6903694272041321","4306","4306","4306"
"360","0.6590796113014221","0.6590796113014221","0.6590796113014221","4318","4318","4318"
"361","0.5968144536018372","0.5968144536018372","0.5968144536018372","4330","4330","4330"
"362","2.2709736824035645","2.2709736824035645","2.2709736824035645","4342","4342","4342"
"363","0.6596460938453674","0.6596460938453674","0.6596460938453674","4354","4354","4354"
"364","0.6593602299690247","0.6593602299690247","0.6593602299690247","4366","4366","4366"
"365","0.6991077065467834","0.6991077065467834","0.6991077065467834","4378","4378","4378"
"366","0.6368940472602844","0.6368940472602844","0.6368940472602844","4390","4390","4390"
"367","0.6413185000419617","0.6413185000419617","0.6413185000419617","4402","4402","4402"
"368","0.7498812675476074","0.7498812675476074","0.7498812675476074","4414","4414","4414"
"369","0.5896539688110352","0.5896539688110352","0.5896539688110352","4426","4426","4426"
"370","0.7500523924827576","0.7500523924827576","0.7500523924827576","4438","4438","4438"
"371","0.6332663893699646","0.6332663893699646","0.6332663893699646","4450","4450","4450"
"372","0.6579052805900574","0.6579052805900574","0.6579052805900574","4462","4462","4462"
"373","0.5774283409118652","0.5774283409118652","0.5774283409118652","4474","4474","4474"
"374","2.4073877334594727","2.4073877334594727","2.4073877334594727","4486","4486","4486"
"375","0.6089601516723633","0.6089601516723633","0.6089601516723633","4498","4498","4498"
"376","0.6432738900184631","0.6432738900184631","0.6432738900184631","4510","4510","4510"
"377","0.7206521034240723","0.7206521034240723","0.7206521034240723","4522","4522","4522"
"378","2.286254405975342","2.286254405975342","2.286254405975342","4534","4534","4534"
"379","0.6034834384918213","0.6034834384918213","0.6034834384918213","4546","4546","4546"
"380","0.6743687987327576","0.6743687987327576","0.6743687987327576","4558","4558","4558"
"381","0.5973966121673584","0.5973966121673584","0.5973966121673584","4570","4570","4570"
"382","0.7435189485549927","0.7435189485549927","0.7435189485549927","4582","4582","4582"
"383","0.6396815180778503","0.6396815180778503","0.6396815180778503","4594","4594","4594"
"384","0.62652188539505","0.62652188539505","0.62652188539505","4606","4606","4606"
"385","0.5440596342086792","0.5440596342086792","0.5440596342086792","4618","4618","4618"
"386","0.5713812112808228","0.5713812112808228","0.5713812112808228","4630","4630","4630"
"387","0.6849319934844971","0.6849319934844971","0.6849319934844971","4642","4642","4642"
"388","0.5395955443382263","0.5395955443382263","0.5395955443382263","4654","4654","4654"
"389","0.7124035358428955","0.7124035358428955","0.7124035358428955","4666","4666","4666"
"390","0.7449856400489807","0.7449856400489807","0.7449856400489807","4678","4678","4678"
"391","2.2989211082458496","2.2989211082458496","2.2989211082458496","4690","4690","4690"
"392","0.6790755391120911","0.6790755391120911","0.6790755391120911","4702","4702","4702"
"393","0.7719352841377258","0.7719352841377258","0.7719352841377258","4714","4714","4714"
"394","0.7470017075538635","0.7470017075538635","0.7470017075538635","4726","4726","4726"
"395","0.6705878376960754","0.6705878376960754","0.6705878376960754","4738","4738","4738"
"396","0.635542631149292","0.635542631149292","0.635542631149292","4750","4750","4750"
"397","0.6444194912910461","0.6444194912910461","0.6444194912910461","4762","4762","4762"
"398","0.7945900559425354","0.7945900559425354","0.7945900559425354","4774","4774","4774"
"399","2.5406739711761475","2.5406739711761475","2.5406739711761475","4786","4786","4786"
"400","0.5911027789115906","0.5911027789115906","0.5911027789115906","4798","4798","4798"
"401","0.6787751913070679","0.6787751913070679","0.6787751913070679","4810","4810","4810"
"402","0.679261326789856","0.679261326789856","0.679261326789856","4822","4822","4822"
"403","0.5849097371101379","0.5849097371101379","0.5849097371101379","4834","4834","4834"
"404","0.7111148238182068","0.7111148238182068","0.7111148238182068","4846","4846","4846"
"405","0.5634511113166809","0.5634511113166809","0.5634511113166809","4858","4858","4858"
"406","0.5715590119361877","0.5715590119361877","0.5715590119361877","4870","4870","4870"
"407","0.5354734659194946","0.5354734659194946","0.5354734659194946","4882","4882","4882"
"408","1.6179865598678589","1.6179865598678589","1.6179865598678589","4894","4894","4894"
"409","0.5080822706222534","0.5080822706222534","0.5080822706222534","4906","4906","4906"
"410","0.5330281257629395","0.5330281257629395","0.5330281257629395","4918","4918","4918"
"411","2.5748238563537598","2.5748238563537598","2.5748238563537598","4930","4930","4930"
"412","0.6868523359298706","0.6868523359298706","0.6868523359298706","4942","4942","4942"
"413","0.6360794901847839","0.6360794901847839","0.6360794901847839","4954","4954","4954"
"414","2.451505661010742","2.451505661010742","2.451505661010742","4966","4966","4966"
"415","0.6402704119682312","0.6402704119682312","0.6402704119682312","4978","4978","4978"
"416","2.415381908416748","2.415381908416748","2.415381908416748","4990","4990","4990"
"417","0.591963529586792","0.591963529586792","0.591963529586792","5002","5002","5002"
"418","0.6366503834724426","0.6366503834724426","0.6366503834724426","5014","5014","5014"
"419","0.5376160144805908","0.5376160144805908","0.5376160144805908","5026","5026","5026"
"420","0.6139046549797058","0.6139046549797058","0.6139046549797058","5038","5038","5038"
"421","0.5243573784828186","0.5243573784828186","0.5243573784828186","5050","5050","5050"
"422","0.5699262619018555","0.5699262619018555","0.5699262619018555","5062","5062","5062"
"423","0.6961700916290283","0.6961700916290283","0.6961700916290283","5074","5074","5074"
"424","0.645729124546051","0.645729124546051","0.645729124546051","5086","5086","5086"
"425","0.6509638428688049","0.6509638428688049","0.6509638428688049","5098","5098","5098"
"426","0.5067365169525146","0.5067365169525146","0.5067365169525146","5110","5110","5110"
"427","2.677661418914795","2.677661418914795","2.677661418914795","5122","5122","5122"
"428","0.7440738081932068","0.7440738081932068","0.7440738081932068","5134","5134","5134"
"429","0.6733774542808533","0.6733774542808533","0.6733774542808533","5146","5146","5146"
"430","2.797487258911133","2.797487258911133","2.797487258911133","5158","5158","5158"
"431","0.5546854138374329","0.5546854138374329","0.5546854138374329","5170","5170","5170"
"432","0.658381998538971","0.658381998538971","0.658381998538971","5182","5182","5182"
"433","0.6555373072624207","0.6555373072624207","0.6555373072624207","5194","5194","5194"
"434","0.7761945128440857","0.7761945128440857","0.7761945128440857","5206","5206","5206"
"435","2.575730085372925","2.575730085372925","2.575730085372925","5218","5218","5218"
"436","0.7669298648834229","0.7669298648834229","0.7669298648834229","5230","5230","5230"
"437","2.3718461990356445","2.3718461990356445","2.3718461990356445","5242","5242","5242"
"438","0.6969476938247681","0.6969476938247681","0.6969476938247681","5254","5254","5254"
"439","1.894060730934143","1.894060730934143","1.894060730934143","5266","5266","5266"
"440","0.6807027459144592","0.6807027459144592","0.6807027459144592","5278","5278","5278"
"441","0.7560973167419434","0.7560973167419434","0.7560973167419434","5290","5290","5290"
"442","2.4918763637542725","2.4918763637542725","2.4918763637542725","5302","5302","5302"
"443","0.6608535051345825","0.6608535051345825","0.6608535051345825","5314","5314","5314"
"444","0.5609723329544067","0.5609723329544067","0.5609723329544067","5326","5326","5326"
"445","0.6617000102996826","0.6617000102996826","0.6617000102996826","5338","5338","5338"
"446","0.5704761147499084","0.5704761147499084","0.5704761147499084","5350","5350","5350"
"447","2.3760762214660645","2.3760762214660645","2.3760762214660645","5362","5362","5362"
"448","2.6115777492523193","2.6115777492523193","2.6115777492523193","5374","5374","5374"
"449","0.5993110537528992","0.5993110537528992","0.5993110537528992","5386","5386","5386"
"450","0.6019383668899536","0.6019383668899536","0.6019383668899536","5398","5398","5398"
"451","0.732110321521759","0.732110321521759","0.732110321521759","5410","5410","5410"
"452","0.5626276135444641","0.5626276135444641","0.5626276135444641","5422","5422","5422"
"453","0.56899493932724","0.56899493932724","0.56899493932724","5434","5434","5434"
"454","0.6295233368873596","0.6295233368873596","0.6295233368873596","5446","5446","5446"
"455","0.48053017258644104","0.48053017258644104","0.48053017258644104","5458","5458","5458"
"456","2.8403773307800293","2.8403773307800293","2.8403773307800293","5470","5470","5470"
"457","0.6798510551452637","0.6798510551452637","0.6798510551452637","5482","5482","5482"
"458","0.658488392829895","0.658488392829895","0.658488392829895","5494","5494","5494"
"459","0.6398730278015137","0.6398730278015137","0.6398730278015137","5506","5506","5506"
"460","0.54733806848526","0.54733806848526","0.54733806848526","5518","5518","5518"
"461","0.7596153020858765","0.7596153020858765","0.7596153020858765","5530","5530","5530"
"462","2.189265251159668","2.189265251159668","2.189265251159668","5542","5542","5542"
"463","0.6038408279418945","0.6038408279418945","0.6038408279418945","5554","5554","5554"
"464","0.5439765453338623","0.5439765453338623","0.5439765453338623","5566","5566","5566"
"465","0.6209242939949036","0.6209242939949036","0.6209242939949036","5578","5578","5578"
"466","2.3618197441101074","2.3618197441101074","2.3618197441101074","5590","5590","5590"
"467","0.6468192338943481","0.6468192338943481","0.6468192338943481","5602","5602","5602"
"468","2.4999918937683105","2.4999918937683105","2.4999918937683105","5614","5614","5614"
"469","0.6476470232009888","0.6476470232009888","0.6476470232009888","5626","5626","5626"
"470","0.6988537907600403","0.6988537907600403","0.6988537907600403","5638","5638","5638"
"471","0.612417459487915","0.612417459487915","0.612417459487915","5650","5650","5650"
"472","2.67143177986145","2.67143177986145","2.67143177986145","5662","5662","5662"
"473","0.6859129667282104","0.6859129667282104","0.6859129667282104","5674","5674","5674"
"474","0.7050949335098267","0.7050949335098267","0.7050949335098267","5686","5686","5686"
"475","0.61446213722229","0.61446213722229","0.61446213722229","5698","5698","5698"
"476","0.5426902174949646","0.5426902174949646","0.5426902174949646","5710","5710","5710"
"477","2.6338207721710205","2.6338207721710205","2.6338207721710205","5722","5722","5722"
"478","0.5968843102455139","0.5968843102455139","0.5968843102455139","5734","5734","5734"
"479","0.5878064632415771","0.5878064632415771","0.5878064632415771","5746","5746","5746"
"480","0.7761090993881226","0.7761090993881226","0.7761090993881226","5758","5758","5758"
"481","0.6223782896995544","0.6223782896995544","0.6223782896995544","5770","5770","5770"
"482","0.6515543460845947","0.6515543460845947","0.6515543460845947","5782","5782","5782"
"483","0.6707437038421631","0.6707437038421631","0.6707437038421631","5794","5794","5794"
"484","2.5765984058380127","2.5765984058380127","2.5765984058380127","5806","5806","5806"
"485","0.608074426651001","0.608074426651001","0.608074426651001","5818","5818","5818"
"486","0.5809645056724548","0.5809645056724548","0.5809645056724548","5830","5830","5830"
"487","1.4866466522216797","1.4866466522216797","1.4866466522216797","5842","5842","5842"
"488","0.5685408711433411","0.5685408711433411","0.5685408711433411","5854","5854","5854"
"489","0.7648148536682129","0.7648148536682129","0.7648148536682129","5866","5866","5866"
"490","0.6943184733390808","0.6943184733390808","0.6943184733390808","5878","5878","5878"
"491","0.6160459518432617","0.6160459518432617","0.6160459518432617","5890","5890","5890"
"492","0.6908928751945496","0.6908928751945496","0.6908928751945496","5902","5902","5902"
"493","0.6974841356277466","0.6974841356277466","0.6974841356277466","5914","5914","5914"
"494","2.3243839740753174","2.3243839740753174","2.3243839740753174","5926","5926","5926"
"495","0.5405766367912292","0.5405766367912292","0.5405766367912292","5938","5938","5938"
"496","0.5971889495849609","0.5971889495849609","0.5971889495849609","5950","5950","5950"
"497","0.6721653938293457","0.6721653938293457","0.6721653938293457","5962","5962","5962"
"498","0.6650304794311523","0.6650304794311523","0.6650304794311523","5974","5974","5974"
"499","0.6057852506637573","0.6057852506637573","0.6057852506637573","5986","5986","5986"
"500","0.7717788815498352","0.7717788815498352","0.7717788815498352","5998","5998","5998"
"501","0.6360317468643188","0.6360317468643188","0.6360317468643188","6010","6010","6010"
"502","0.6416729688644409","0.6416729688644409","0.6416729688644409","6022","6022","6022"
"503","0.7334910035133362","0.7334910035133362","0.7334910035133362","6034","6034","6034"
"504","0.7438700199127197","0.7438700199127197","0.7438700199127197","6046","6046","6046"
"505","0.5834928750991821","0.5834928750991821","0.5834928750991821","6058","6058","6058"
"506","2.2902896404266357","2.2902896404266357","2.2902896404266357","6070","6070","6070"
"507","2.8524515628814697","2.8524515628814697","2.8524515628814697","6082","6082","6082"
"508","0.6557133197784424","0.6557133197784424","0.6557133197784424","6094","6094","6094"
"509","2.419956684112549","2.419956684112549","2.419956684112549","6106","6106","6106"
"510","0.6619715094566345","0.6619715094566345","0.6619715094566345","6118","6118","6118"
"511","0.5958853960037231","0.5958853960037231","0.5958853960037231","6130","6130","6130"
"512","0.6888909935951233","0.6888909935951233","0.6888909935951233","6142","6142","6142"
"513","0.7133163809776306","0.7133163809776306","0.7133163809776306","6154","6154","6154"
"514","0.7347701191902161","0.7347701191902161","0.7347701191902161","6166","6166","6166"
"515","0.7016465663909912","0.7016465663909912","0.7016465663909912","6178","6178","6178"
"516","0.6210522651672363","0.6210522651672363","0.6210522651672363","6190","6190","6190"
"517","2.214684247970581","2.214684247970581","2.214684247970581","6202","6202","6202"
"518","2.545447587966919","2.545447587966919","2.545447587966919","6214","6214","6214"
"519","0.5596215724945068","0.5596215724945068","0.5596215724945068","6226","6226","6226"
"520","0.5707389712333679","0.5707389712333679","0.5707389712333679","6238","6238","6238"
"521","0.653814435005188","0.653814435005188","0.653814435005188","6250","6250","6250"
"522","0.6235902309417725","0.6235902309417725","0.6235902309417725","6262","6262","6262"
"523","0.6742623448371887","0.6742623448371887","0.6742623448371887","6274","6274","6274"
"524","2.4332430362701416","2.4332430362701416","2.4332430362701416","6286","6286","6286"
"525","2.6156129837036133","2.6156129837036133","2.6156129837036133","6298","6298","6298"
"526","0.6936015486717224","0.6936015486717224","0.6936015486717224","6310","6310","6310"
"527","0.5581433176994324","0.5581433176994324","0.5581433176994324","6322","6322","6322"
"528","0.6318159699440002","0.6318159699440002","0.6318159699440002","6334","6334","6334"
"529","0.6852192878723145","0.6852192878723145","0.6852192878723145","6346","6346","6346"
"530","0.725021481513977","0.725021481513977","0.725021481513977","6358","6358","6358"
"531","2.580479145050049","2.580479145050049","2.580479145050049","6370","6370","6370"
"532","0.6225986480712891","0.6225986480712891","0.6225986480712891","6382","6382","6382"
"533","2.7009122371673584","2.7009122371673584","2.7009122371673584","6394","6394","6394"
"534","0.6020817160606384","0.6020817160606384","0.6020817160606384","6406","6406","6406"
"535","0.6190345883369446","0.6190345883369446","0.6190345883369446","6418","6418","6418"
"536","0.6524189710617065","0.6524189710617065","0.6524189710617065","6430","6430","6430"
"537","0.5928219556808472","0.5928219556808472","0.5928219556808472","6442","6442","6442"
"538","0.5546697378158569","0.5546697378158569","0.5546697378158569","6454","6454","6454"
"539","0.6636759638786316","0.6636759638786316","0.6636759638786316","6466","6466","6466"
"540","0.585269033908844","0.585269033908844","0.585269033908844","6478","6478","6478"
"541","0.5718704462051392","0.5718704462051392","0.5718704462051392","6490","6490","6490"
"542","2.567667245864868","2.567667245864868","2.567667245864868","6502","6502","6502"
"543","2.510106325149536","2.510106325149536","2.510106325149536","6514","6514","6514"
"544","0.6077730655670166","0.6077730655670166","0.6077730655670166","6526","6526","6526"
"545","0.631859302520752","0.631859302520752","0.631859302520752","6538","6538","6538"
"546","0.5775471329689026","0.5775471329689026","0.5775471329689026","6550","6550","6550"
"547","2.427274465560913","2.427274465560913","2.427274465560913","6562","6562","6562"
"548","2.5881154537200928","2.5881154537200928","2.5881154537200928","6574","6574","6574"
"549","0.6838477253913879","0.6838477253913879","0.6838477253913879","6586","6586","6586"
"550","0.7247980237007141","0.7247980237007141","0.7247980237007141","6598","6598","6598"
"551","0.5926403403282166","0.5926403403282166","0.5926403403282166","6610","6610","6610"
"552","2.1733415126800537","2.1733415126800537","2.1733415126800537","6622","6622","6622"
"553","0.7524566054344177","0.7524566054344177","0.7524566054344177","6634","6634","6634"
"554","0.6033377647399902","0.6033377647399902","0.6033377647399902","6646","6646","6646"
"555","0.628696858882904","0.628696858882904","0.628696858882904","6658","6658","6658"
"556","0.7062851786613464","0.7062851786613464","0.7062851786613464","6670","6670","6670"
"557","0.6482200026512146","0.6482200026512146","0.6482200026512146","6682","6682","6682"
"558","2.423940420150757","2.423940420150757","2.423940420150757","6694","6694","6694"
"559","0.6780755519866943","0.6780755519866943","0.6780755519866943","6706","6706","6706"
"560","0.6322984099388123","0.6322984099388123","0.6322984099388123","6718","6718","6718"
"561","0.6873798966407776","0.6873798966407776","0.6873798966407776","6730","6730","6730"
"562","0.7536259889602661","0.7536259889602661","0.7536259889602661","6742","6742","6742"
"563","2.4901020526885986","2.4901020526885986","2.4901020526885986","6754","6754","6754"
"564","0.485647976398468","0.485647976398468","0.485647976398468","6766","6766","6766"
"565","0.6490843892097473","0.6490843892097473","0.6490843892097473","6778","6778","6778"
"566","0.6859131455421448","0.6859131455421448","0.6859131455421448","6790","6790","6790"
"567","2.8452959060668945","2.8452959060668945","2.8452959060668945","6802","6802","6802"
"568","0.5928136110305786","0.5928136110305786","0.5928136110305786","6814","6814","6814"
"569","0.7207813262939453","0.7207813262939453","0.7207813262939453","6826","6826","6826"
"570","0.6111202836036682","0.6111202836036682","0.6111202836036682","6838","6838","6838"
"571","0.5940954685211182","0.5940954685211182","0.5940954685211182","6850","6850","6850"
"572","0.6884057521820068","0.6884057521820068","0.6884057521820068","6862","6862","6862"
"573","0.6740691065788269","0.6740691065788269","0.6740691065788269","6874","6874","6874"
"574","0.6527037620544434","0.6527037620544434","0.6527037620544434","6886","6886","6886"
"575","0.6983183026313782","0.6983183026313782","0.6983183026313782","6898","6898","6898"
"576","0.5848343968391418","0.5848343968391418","0.5848343968391418","6910","6910","6910"
"577","0.6756598353385925","0.6756598353385925","0.6756598353385925","6922","6922","6922"
"578","2.6599204540252686","2.6599204540252686","2.6599204540252686","6934","6934","6934"
"579","0.5509618520736694","0.5509618520736694","0.5509618520736694","6946","6946","6946"
"580","0.6556790471076965","0.6556790471076965","0.6556790471076965","6958","6958","6958"
"581","0.6358883380889893","0.6358883380889893","0.6358883380889893","6970","6970","6970"
"582","2.3320186138153076","2.3320186138153076","2.3320186138153076","6982","6982","6982"
"583","0.8505703210830688","0.8505703210830688","0.8505703210830688","6994","6994","6994"
"584","2.530812978744507","2.530812978744507","2.530812978744507","7006","7006","7006"
"585","0.6996990442276001","0.6996990442276001","0.6996990442276001","7018","7018","7018"
"586","0.5662146806716919","0.5662146806716919","0.5662146806716919","7030","7030","7030"
"587","0.7605757117271423","0.7605757117271423","0.7605757117271423","7042","7042","7042"
"588","0.6705626249313354","0.6705626249313354","0.6705626249313354","7054","7054","7054"
"589","0.5579347014427185","0.5579347014427185","0.5579347014427185","7066","7066","7066"
"590","0.5874771475791931","0.5874771475791931","0.5874771475791931","7078","7078","7078"
"591","0.6276731491088867","0.6276731491088867","0.6276731491088867","7090","7090","7090"
"592","0.6338409185409546","0.6338409185409546","0.6338409185409546","7102","7102","7102"
"593","2.2496249675750732","2.2496249675750732","2.2496249675750732","7114","7114","7114"
"594","0.5375338196754456","0.5375338196754456","0.5375338196754456","7126","7126","7126"
"595","0.6278693675994873","0.6278693675994873","0.6278693675994873","7138","7138","7138"
"596","0.5207198858261108","0.5207198858261108","0.5207198858261108","7150","7150","7150"
"597","0.6818017363548279","0.6818017363548279","0.6818017363548279","7162","7162","7162"
"598","2.602123737335205","2.602123737335205","2.602123737335205","7174","7174","7174"
"599","0.49730822443962097","0.49730822443962097","0.49730822443962097","7186","7186","7186"
"600","0.5655778050422668","0.5655778050422668","0.5655778050422668","7198","7198","7198"
"601","0.6388546824455261","0.6388546824455261","0.6388546824455261","7210","7210","7210"
"602","0.6245127320289612","0.6245127320289612","0.6245127320289612","7222","7222","7222"
"603","0.7212277054786682","0.7212277054786682","0.7212277054786682","7234","7234","7234"
"604","2.044060230255127","2.044060230255127","2.044060230255127","7246","7246","7246"
"605","0.6010679602622986","0.6010679602622986","0.6010679602622986","7258","7258","7258"
"606","0.6530777812004089","0.6530777812004089","0.6530777812004089","7270","7270","7270"
"607","2.648434638977051","2.648434638977051","2.648434638977051","7282","7282","7282"
"608","0.5705701112747192","0.5705701112747192","0.5705701112747192","7294","7294","7294"
"609","2.303981065750122","2.303981065750122","2.303981065750122","7306","7306","7306"
"610","0.6901905536651611","0.6901905536651611","0.6901905536651611","7318","7318","7318"
"611","0.6146416664123535","0.6146416664123535","0.6146416664123535","7330","7330","7330"
"612","0.6440024375915527","0.6440024375915527","0.6440024375915527","7342","7342","7342"
"613","0.6347227692604065","0.6347227692604065","0.6347227692604065","7354","7354","7354"
"614","0.5851386785507202","0.5851386785507202","0.5851386785507202","7366","7366","7366"
"615","0.6805121302604675","0.6805121302604675","0.6805121302604675","7378","7378","7378"
"616","0.7387534976005554","0.7387534976005554","0.7387534976005554","7390","7390","7390"
"617","0.6863188147544861","0.6863188147544861","0.6863188147544861","7402","7402","7402"
"618","0.6187648177146912","0.6187648177146912","0.6187648177146912","7414","7414","7414"
"619","0.7501116991043091","0.7501116991043091","0.7501116991043091","7426","7426","7426"
"620","0.6531242728233337","0.6531242728233337","0.6531242728233337","7438","7438","7438"
"621","0.7282099723815918","0.7282099723815918","0.7282099723815918","7450","7450","7450"
"622","0.7294648289680481","0.7294648289680481","0.7294648289680481","7462","7462","7462"
"623","2.3898062705993652","2.3898062705993652","2.3898062705993652","7474","7474","7474"
"624","2.629279136657715","2.629279136657715","2.629279136657715","7486","7486","7486"
"625","0.7474531531333923","0.7474531531333923","0.7474531531333923","7498","7498","7498"
"626","0.5812632441520691","0.5812632441520691","0.5812632441520691","7510","7510","7510"
"627","0.6362408995628357","0.6362408995628357","0.6362408995628357","7522","7522","7522"
"628","0.6401971578598022","0.6401971578598022","0.6401971578598022","7534","7534","7534"
"629","0.7101724743843079","0.7101724743843079","0.7101724743843079","7546","7546","7546"
"630","0.6367679238319397","0.6367679238319397","0.6367679238319397","7558","7558","7558"
"631","2.2649452686309814","2.2649452686309814","2.2649452686309814","7570","7570","7570"
"632","0.5767097473144531","0.5767097473144531","0.5767097473144531","7582","7582","7582"
"633","0.6182129383087158","0.6182129383087158","0.6182129383087158","7594","7594","7594"
"634","0.5320940613746643","0.5320940613746643","0.5320940613746643","7606","7606","7606"
"635","2.622206687927246","2.622206687927246","2.622206687927246","7618","7618","7618"
"636","0.49187231063842773","0.49187231063842773","0.49187231063842773","7630","7630","7630"
"637","0.5104566216468811","0.5104566216468811","0.5104566216468811","7642","7642","7642"
"638","0.6290474534034729","0.6290474534034729","0.6290474534034729","7654","7654","7654"
"639","2.4540517330169678","2.4540517330169678","2.4540517330169678","7666","7666","7666"
"640","2.5556790828704834","2.5556790828704834","2.5556790828704834","7678","7678","7678"
"641","0.6714686751365662","0.6714686751365662","0.6714686751365662","7690","7690","7690"
"642","0.5837665796279907","0.5837665796279907","0.5837665796279907","7702","7702","7702"
"643","0.6749117970466614","0.6749117970466614","0.6749117970466614","7714","7714","7714"
"644","0.7481080293655396","0.7481080293655396","0.7481080293655396","7726","7726","7726"
"645","0.7791616320610046","0.7791616320610046","0.7791616320610046","7738","7738","7738"
"646","2.523895502090454","2.523895502090454","2.523895502090454","7750","7750","7750"
"647","0.6667218208312988","0.6667218208312988","0.6667218208312988","7762","7762","7762"
"648","0.634710431098938","0.634710431098938","0.634710431098938","7774","7774","7774"
"649","0.5460115075111389","0.5460115075111389","0.5460115075111389","7786","7786","7786"
"650","0.6294150948524475","0.6294150948524475","0.6294150948524475","7798","7798","7798"
"651","0.6073810458183289","0.6073810458183289","0.6073810458183289","7810","7810","7810"
"652","0.5895553231239319","0.5895553231239319","0.5895553231239319","7822","7822","7822"
"653","0.7033517360687256","0.7033517360687256","0.7033517360687256","7834","7834","7834"
"654","0.6570819020271301","0.6570819020271301","0.6570819020271301","7846","7846","7846"
"655","2.494706153869629","2.494706153869629","2.494706153869629","7858","7858","7858"
"656","0.5823189616203308","0.5823189616203308","0.5823189616203308","7870","7870","7870"
"657","0.7453943490982056","0.7453943490982056","0.7453943490982056","7882","7882","7882"
"658","0.7219163179397583","0.7219163179397583","0.7219163179397583","7894","7894","7894"
"659","0.6696345210075378","0.6696345210075378","0.6696345210075378","7906","7906","7906"
"660","0.7509594559669495","0.7509594559669495","0.7509594559669495","7918","7918","7918"
"661","0.6467406153678894","0.6467406153678894","0.6467406153678894","7930","7930","7930"
"662","0.5816061496734619","0.5816061496734619","0.5816061496734619","7942","7942","7942"
"663","0.6123924851417542","0.6123924851417542","0.6123924851417542","7954","7954","7954"
"664","0.64063960313797","0.64063960313797","0.64063960313797","7966","7966","7966"
"665","0.4784386456012726","0.4784386456012726","0.4784386456012726","7978","7978","7978"
"666","0.5323305130004883","0.5323305130004883","0.5323305130004883","7990","7990","7990"
"667","0.5953483581542969","0.5953483581542969","0.5953483581542969","8002","8002","8002"
"668","0.5254694223403931","0.5254694223403931","0.5254694223403931","8014","8014","8014"
"669","2.3927104473114014","2.3927104473114014","2.3927104473114014","8026","8026","8026"
"670","0.6381394863128662","0.6381394863128662","0.6381394863128662","8038","8038","8038"
"671","0.653816819190979","0.653816819190979","0.653816819190979","8050","8050","8050"
"672","0.5308119654655457","0.5308119654655457","0.5308119654655457","8062","8062","8062"
"673","0.6255728006362915","0.6255728006362915","0.6255728006362915","8074","8074","8074"
"674","0.6697103977203369","0.6697103977203369","0.6697103977203369","8086","8086","8086"
"675","0.630305826663971","0.630305826663971","0.630305826663971","8098","8098","8098"
"676","0.7788968086242676","0.7788968086242676","0.7788968086242676","8110","8110","8110"
"677","0.717319905757904","0.717319905757904","0.717319905757904","8122","8122","8122"
"678","2.261476993560791","2.261476993560791","2.261476993560791","8134","8134","8134"
"679","2.7019293308258057","2.7019293308258057","2.7019293308258057","8146","8146","8146"
"680","0.6959865093231201","0.6959865093231201","0.6959865093231201","8158","8158","8158"
"681","0.7383081912994385","0.7383081912994385","0.7383081912994385","8170","8170","8170"
"682","0.5999873280525208","0.5999873280525208","0.5999873280525208","8182","8182","8182"
"683","2.623467445373535","2.623467445373535","2.623467445373535","8194","8194","8194"
"684","0.6668015122413635","0.6668015122413635","0.6668015122413635","8206","8206","8206"
"685","0.551644504070282","0.551644504070282","0.551644504070282","8218","8218","8218"
"686","0.5755448341369629","0.5755448341369629","0.5755448341369629","8230","8230","8230"
"687","0.646216869354248","0.646216869354248","0.646216869354248","8242","8242","8242"
"688","0.5719976425170898","0.5719976425170898","0.5719976425170898","8254","8254","8254"
"689","0.6965746283531189","0.6965746283531189","0.6965746283531189","8266","8266","8266"
"690","0.6668856739997864","0.6668856739997864","0.6668856739997864","8278","8278","8278"
"691","0.6593124866485596","0.6593124866485596","0.6593124866485596","8290","8290","8290"
"692","2.6403157711029053","2.6403157711029053","2.6403157711029053","8302","8302","8302"
"693","0.7582183480262756","0.7582183480262756","0.7582183480262756","8314","8314","8314"
"694","0.6649633646011353","0.6649633646011353","0.6649633646011353","8326","8326","8326"
"695","0.5955747961997986","0.5955747961997986","0.5955747961997986","8338","8338","8338"
"696","2.1348063945770264","2.1348063945770264","2.1348063945770264","8350","8350","8350"
"697","0.726669430732727","0.726669430732727","0.726669430732727","8362","8362","8362"
"698","0.6688845157623291","0.6688845157623291","0.6688845157623291","8374","8374","8374"
"699","0.6775696277618408","0.6775696277618408","0.6775696277618408","8386","8386","8386"
"700","0.5658004283905029","0.5658004283905029","0.5658004283905029","8398","8398","8398"
"701","0.5847169160842896","0.5847169160842896","0.5847169160842896","8410","8410","8410"
"702","0.7226532101631165","0.7226532101631165","0.7226532101631165","8422","8422","8422"
"703","0.739662230014801","0.739662230014801","0.739662230014801","8434","8434","8434"
"704","0.636338472366333","0.636338472366333","0.636338472366333","8446","8446","8446"
"705","0.677404522895813","0.677404522895813","0.677404522895813","8458","8458","8458"
"706","0.6696375608444214","0.6696375608444214","0.6696375608444214","8470","8470","8470"
"707","0.5968923568725586","0.5968923568725586","0.5968923568725586","8482","8482","8482"
"708","2.371955633163452","2.371955633163452","2.371955633163452","8494","8494","8494"
"709","0.7010314464569092","0.7010314464569092","0.7010314464569092","8506","8506","8506"
"710","0.7662527561187744","0.7662527561187744","0.7662527561187744","8518","8518","8518"
"711","0.6222386956214905","0.6222386956214905","0.6222386956214905","8530","8530","8530"
"712","0.7440756559371948","0.7440756559371948","0.7440756559371948","8542","8542","8542"
"713","2.275182008743286","2.275182008743286","2.275182008743286","8554","8554","8554"
"714","0.5464380979537964","0.5464380979537964","0.5464380979537964","8566","8566","8566"
"715","0.8449527621269226","0.8449527621269226","0.8449527621269226","8578","8578","8578"
"716","0.51277095079422","0.51277095079422","0.51277095079422","8590","8590","8590"
"717","0.6279214024543762","0.6279214024543762","0.6279214024543762","8602","8602","8602"
"718","0.6109764575958252","0.6109764575958252","0.6109764575958252","8614","8614","8614"
"719","0.6334155797958374","0.6334155797958374","0.6334155797958374","8626","8626","8626"
"720","0.6701967716217041","0.6701967716217041","0.6701967716217041","8638","8638","8638"
"721","0.6135069131851196","0.6135069131851196","0.6135069131851196","8650","8650","8650"
"722","0.6476273536682129","0.6476273536682129","0.6476273536682129","8662","8662","8662"
"723","0.6048438549041748","0.6048438549041748","0.6048438549041748","8674","8674","8674"
"724","0.5579236149787903","0.5579236149787903","0.5579236149787903","8686","8686","8686"
"725","0.7225187420845032","0.7225187420845032","0.7225187420845032","8698","8698","8698"
"726","2.4975080490112305","2.4975080490112305","2.4975080490112305","8710","8710","8710"
"727","0.6358339786529541","0.6358339786529541","0.6358339786529541","8722","8722","8722"
"728","0.6038936972618103","0.6038936972618103","0.6038936972618103","8734","8734","8734"
"729","0.6510524153709412","0.6510524153709412","0.6510524153709412","8746","8746","8746"
"730","0.5117490887641907","0.5117490887641907","0.5117490887641907","8758","8758","8758"
"731","0.7779326438903809","0.7779326438903809","0.7779326438903809","8770","8770","8770"
"732","0.649045467376709","0.649045467376709","0.649045467376709","8782","8782","8782"
"733","0.7025639414787292","0.7025639414787292","0.7025639414787292","8794","8794","8794"
"734","0.6278221607208252","0.6278221607208252","0.6278221607208252","8806","8806","8806"
"735","0.6573383212089539","0.6573383212089539","0.6573383212089539","8818","8818","8818"
"736","2.467911958694458","2.467911958694458","2.467911958694458","8830","8830","8830"
"737","0.6243563890457153","0.6243563890457153","0.6243563890457153","8842","8842","8842"
"738","0.6384366154670715","0.6384366154670715","0.6384366154670715","8854","8854","8854"
"739","0.6583872437477112","0.6583872437477112","0.6583872437477112","8866","8866","8866"
"740","0.6007976531982422","0.6007976531982422","0.6007976531982422","8878","8878","8878"
"741","0.5800501704216003","0.5800501704216003","0.5800501704216003","8890","8890","8890"
"742","0.6025042533874512","0.6025042533874512","0.6025042533874512","8902","8902","8902"
"743","0.600380539894104","0.600380539894104","0.600380539894104","8914","8914","8914"
"744","0.7303499579429626","0.7303499579429626","0.7303499579429626","8926","8926","8926"
"745","2.503815174102783","2.503815174102783","2.503815174102783","8938","8938","8938"
"746","0.6537604331970215","0.6537604331970215","0.6537604331970215","8950","8950","8950"
"747","0.8014988899230957","0.8014988899230957","0.8014988899230957","8962","8962","8962"
"748","0.6565203070640564","0.6565203070640564","0.6565203070640564","8974","8974","8974"
"749","0.6040699481964111","0.6040699481964111","0.6040699481964111","8986","8986","8986"
"750","0.657082736492157","0.657082736492157","0.657082736492157","8998","8998","8998"
"751","0.6416950821876526","0.6416950821876526","0.6416950821876526","9010","9010","9010"
"752","0.609725296497345","0.609725296497345","0.609725296497345","9022","9022","9022"
"753","0.6354897618293762","0.6354897618293762","0.6354897618293762","9034","9034","9034"
"754","0.5050662755966187","0.5050662755966187","0.5050662755966187","9046","9046","9046"
"755","0.6000283360481262","0.6000283360481262","0.6000283360481262","9058","9058","9058"
"756","0.613314688205719","0.613314688205719","0.613314688205719","9070","9070","9070"
"757","0.7430391907691956","0.7430391907691956","0.7430391907691956","9082","9082","9082"
"758","2.606323719024658","2.606323719024658","2.606323719024658","9094","9094","9094"
"759","2.679978132247925","2.679978132247925","2.679978132247925","9106","9106","9106"
"760","0.6329004168510437","0.6329004168510437","0.6329004168510437","9118","9118","9118"
"761","0.6934952139854431","0.6934952139854431","0.6934952139854431","9130","9130","9130"
"762","0.6660011410713196","0.6660011410713196","0.6660011410713196","9142","9142","9142"
"763","2.4572439193725586","2.4572439193725586","2.4572439193725586","9154","9154","9154"
"764","2.3626554012298584","2.3626554012298584","2.3626554012298584","9166","9166","9166"
"765","0.7383750081062317","0.7383750081062317","0.7383750081062317","9178","9178","9178"
"766","0.5597848296165466","0.5597848296165466","0.5597848296165466","9190","9190","9190"
"767","0.648677408695221","0.648677408695221","0.648677408695221","9202","9202","9202"
"768","2.3569602966308594","2.3569602966308594","2.3569602966308594","9214","9214","9214"
"769","0.6992760896682739","0.6992760896682739","0.6992760896682739","9226","9226","9226"
"770","1.735376000404358","1.735376000404358","1.735376000404358","9238","9238","9238"
"771","0.6533066630363464","0.6533066630363464","0.6533066630363464","9250","9250","9250"
"772","0.7366027235984802","0.7366027235984802","0.7366027235984802","9262","9262","9262"
"773","0.5336228013038635","0.5336228013038635","0.5336228013038635","9274","9274","9274"
"774","0.6530495285987854","0.6530495285987854","0.6530495285987854","9286","9286","9286"
"775","0.6161799430847168","0.6161799430847168","0.6161799430847168","9298","9298","9298"
"776","0.5002579092979431","0.5002579092979431","0.5002579092979431","9310","9310","9310"
"777","0.599824845790863","0.599824845790863","0.599824845790863","9322","9322","9322"
"778","0.7294766902923584","0.7294766902923584","0.7294766902923584","9334","9334","9334"
"779","0.623283863067627","0.623283863067627","0.623283863067627","9346","9346","9346"
"780","0.6958701610565186","0.6958701610565186","0.6958701610565186","9358","9358","9358"
"781","0.652252733707428","0.652252733707428","0.652252733707428","9370","9370","9370"
"782","0.6796884536743164","0.6796884536743164","0.6796884536743164","9382","9382","9382"
"783","0.7513644099235535","0.7513644099235535","0.7513644099235535","9394","9394","9394"
"784","0.7504640817642212","0.7504640817642212","0.7504640817642212","9406","9406","9406"
"785","0.781582772731781","0.781582772731781","0.781582772731781","9418","9418","9418"
"786","0.7698624134063721","0.7698624134063721","0.7698624134063721","9430","9430","9430"
"787","0.636881411075592","0.636881411075592","0.636881411075592","9442","9442","9442"
"788","2.4660940170288086","2.4660940170288086","2.4660940170288086","9454","9454","9454"
"789","0.6793268918991089","0.6793268918991089","0.6793268918991089","9466","9466","9466"
"790","0.637313187122345","0.637313187122345","0.637313187122345","9478","9478","9478"
"791","0.6863945722579956","0.6863945722579956","0.6863945722579956","9490","9490","9490"
"792","0.5758976340293884","0.5758976340293884","0.5758976340293884","9502","9502","9502"
"793","2.3978018760681152","2.3978018760681152","2.3978018760681152","9514","9514","9514"
"794","0.6596783399581909","0.6596783399581909","0.6596783399581909","9526","9526","9526"
"795","0.6542112231254578","0.6542112231254578","0.6542112231254578","9538","9538","9538"
"796","0.6102038621902466","0.6102038621902466","0.6102038621902466","9550","9550","9550"
"797","0.5682798624038696","0.5682798624038696","0.5682798624038696","9562","9562","9562"
"798","0.8029976487159729","0.8029976487159729","0.8029976487159729","9574","9574","9574"
"799","0.6174508333206177","0.6174508333206177","0.6174508333206177","9586","9586","9586"
"800","0.7457213997840881","0.7457213997840881","0.7457213997840881","9598","9598","9598"
"801","0.6081235408782959","0.6081235408782959","0.6081235408782959","9610","9610","9610"
"802","0.5943322777748108","0.5943322777748108","0.5943322777748108","9622","9622","9622"
"803","0.644351601600647","0.644351601600647","0.644351601600647","9634","9634","9634"
"804","0.6115526556968689","0.6115526556968689","0.6115526556968689","9646","9646","9646"
"805","0.5727514624595642","0.5727514624595642","0.5727514624595642","9658","9658","9658"
"806","0.655766487121582","0.655766487121582","0.655766487121582","9670","9670","9670"
"807","0.6296360492706299","0.6296360492706299","0.6296360492706299","9682","9682","9682"
"808","2.393982410430908","2.393982410430908","2.393982410430908","9694","9694","9694"
"809","0.5890082120895386","0.5890082120895386","0.5890082120895386","9706","9706","9706"
"810","0.785896360874176","0.785896360874176","0.785896360874176","9718","9718","9718"
"811","0.6825693249702454","0.6825693249702454","0.6825693249702454","9730","9730","9730"
"812","2.2066197395324707","2.2066197395324707","2.2066197395324707","9742","9742","9742"
"813","0.685059666633606","0.685059666633606","0.685059666633606","9754","9754","9754"
"814","0.5496478080749512","0.5496478080749512","0.5496478080749512","9766","9766","9766"
"815","0.7381418943405151","0.7381418943405151","0.7381418943405151","9778","9778","9778"
"816","0.6940763592720032","0.6940763592720032","0.6940763592720032","9790","9790","9790"
"817","0.6704214811325073","0.6704214811325073","0.6704214811325073","9802","9802","9802"
"818","0.6765783429145813","0.6765783429145813","0.6765783429145813","9814","9814","9814"
"819","0.8051506280899048","0.8051506280899048","0.8051506280899048","9826","9826","9826"
"820","2.4006481170654297","2.4006481170654297","2.4006481170654297","9838","9838","9838"
"821","2.6347289085388184","2.6347289085388184","2.6347289085388184","9850","9850","9850"
"822","0.6047667264938354","0.6047667264938354","0.6047667264938354","9862","9862","9862"
"823","0.6135931015014648","0.6135931015014648","0.6135931015014648","9874","9874","9874"
"824","0.7044891119003296","0.7044891119003296","0.7044891119003296","9886","9886","9886"
"825","0.6185909509658813","0.6185909509658813","0.6185909509658813","9898","9898","9898"
"826","0.670821487903595","0.670821487903595","0.670821487903595","9910","9910","9910"
"827","0.654365062713623","0.654365062713623","0.654365062713623","9922","9922","9922"
"828","0.5648941397666931","0.5648941397666931","0.5648941397666931","9934","9934","9934"
"829","0.6338213682174683","0.6338213682174683","0.6338213682174683","9946","9946","9946"
"830","0.7314659953117371","0.7314659953117371","0.7314659953117371","9958","9958","9958"
"831","0.7202500104904175","0.7202500104904175","0.7202500104904175","9970","9970","9970"
"832","0.5673711895942688","0.5673711895942688","0.5673711895942688","9982","9982","9982"
"833","0.5807662606239319","0.5807662606239319","0.5807662606239319","9994","9994","9994"
"834","0.7034416198730469","0.7034416198730469","0.7034416198730469","10006","10006","10006"
"835","0.6186840534210205","0.6186840534210205","0.6186840534210205","10018","10018","10018"
"836","2.6453773975372314","2.6453773975372314","2.6453773975372314","10030","10030","10030"
"837","0.6724485754966736","0.6724485754966736","0.6724485754966736","10042","10042","10042"
"838","0.576491117477417","0.576491117477417","0.576491117477417","10054","10054","10054"
"839","0.582445502281189","0.582445502281189","0.582445502281189","10066","10066","10066"
"840","0.5796393752098083","0.5796393752098083","0.5796393752098083","10078","10078","10078"
"841","0.6210134625434875","0.6210134625434875","0.6210134625434875","10090","10090","10090"
"842","0.5492250323295593","0.5492250323295593","0.5492250323295593","10102","10102","10102"
"843","0.5723200440406799","0.5723200440406799","0.5723200440406799","10114","10114","10114"
"844","2.766207695007324","2.766207695007324","2.766207695007324","10126","10126","10126"
"845","0.6658623814582825","0.6658623814582825","0.6658623814582825","10138","10138","10138"
"846","2.3152549266815186","2.3152549266815186","2.3152549266815186","10150","10150","10150"
"847","0.7194838523864746","0.7194838523864746","0.7194838523864746","10162","10162","10162"
"848","0.681214451789856","0.681214451789856","0.681214451789856","10174","10174","10174"
"849","2.4160995483398438","2.4160995483398438","2.4160995483398438","10186","10186","10186"
"850","0.6486192941665649","0.6486192941665649","0.6486192941665649","10198","10198","10198"
"851","0.7304071187973022","0.7304071187973022","0.7304071187973022","10210","10210","10210"
"852","0.6273801922798157","0.6273801922798157","0.6273801922798157","10222","10222","10222"
"853","2.3421711921691895","2.3421711921691895","2.3421711921691895","10234","10234","10234"
"854","0.6524552702903748","0.6524552702903748","0.6524552702903748","10246","10246","10246"
"855","0.6209802627563477","0.6209802627563477","0.6209802627563477","10258","10258","10258"
"856","0.9173843860626221","0.9173843860626221","0.9173843860626221","10270","10270","10270"
"857","0.5317744016647339","0.5317744016647339","0.5317744016647339","10282","10282","10282"
"858","0.689630389213562","0.689630389213562","0.689630389213562","10294","10294","10294"
"859","0.684943437576294","0.684943437576294","0.684943437576294","10306","10306","10306"
"860","0.5877448916435242","0.5877448916435242","0.5877448916435242","10318","10318","10318"
"861","0.7411319613456726","0.7411319613456726","0.7411319613456726","10330","10330","10330"
"862","0.6505622863769531","0.6505622863769531","0.6505622863769531","10342","10342","10342"
"863","0.5944216847419739","0.5944216847419739","0.5944216847419739","10354","10354","10354"
"864","0.6698248982429504","0.6698248982429504","0.6698248982429504","10366","10366","10366"
"865","0.6094675064086914","0.6094675064086914","0.6094675064086914","10378","10378","10378"
"866","0.6527539491653442","0.6527539491653442","0.6527539491653442","10390","10390","10390"
"867","0.6590193510055542","0.6590193510055542","0.6590193510055542","10402","10402","10402"
"868","0.6628539562225342","0.6628539562225342","0.6628539562225342","10414","10414","10414"
"869","2.433079957962036","2.433079957962036","2.433079957962036","10426","10426","10426"
"870","0.688038170337677","0.688038170337677","0.688038170337677","10438","10438","10438"
"871","0.7035027742385864","0.7035027742385864","0.7035027742385864","10450","10450","10450"
"872","0.7740163207054138","0.7740163207054138","0.7740163207054138","10462","10462","10462"
"873","0.6883500218391418","0.6883500218391418","0.6883500218391418","10474","10474","10474"
"874","2.6150355339050293","2.6150355339050293","2.6150355339050293","10486","10486","10486"
"875","0.6381834149360657","0.6381834149360657","0.6381834149360657","10498","10498","10498"
"876","0.5156273245811462","0.5156273245811462","0.5156273245811462","10510","10510","10510"
"877","2.5909271240234375","2.5909271240234375","2.5909271240234375","10522","10522","10522"
"878","0.6500576138496399","0.6500576138496399","0.6500576138496399","10534","10534","10534"
"879","0.6155440211296082","0.6155440211296082","0.6155440211296082","10546","10546","10546"
"880","0.6378352642059326","0.6378352642059326","0.6378352642059326","10558","10558","10558"
"881","0.6852236390113831","0.6852236390113831","0.6852236390113831","10570","10570","10570"
"882","0.6388648152351379","0.6388648152351379","0.6388648152351379","10582","10582","10582"
"883","0.6206361055374146","0.6206361055374146","0.6206361055374146","10594","10594","10594"
"884","0.5899633765220642","0.5899633765220642","0.5899633765220642","10606","10606","10606"
"885","0.6284591555595398","0.6284591555595398","0.6284591555595398","10618","10618","10618"
"886","0.6026212573051453","0.6026212573051453","0.6026212573051453","10630","10630","10630"
"887","0.6841201782226562","0.6841201782226562","0.6841201782226562","10642","10642","10642"
"888","0.6678954362869263","0.6678954362869263","0.6678954362869263","10654","10654","10654"
"889","0.6116296648979187","0.6116296648979187","0.6116296648979187","10666","10666","10666"
"890","0.6237210035324097","0.6237210035324097","0.6237210035324097","10678","10678","10678"
"891","0.5819405317306519","0.5819405317306519","0.5819405317306519","10690","10690","10690"
"892","0.5974081754684448","0.5974081754684448","0.5974081754684448","10702","10702","10702"
"893","0.6211916208267212","0.6211916208267212","0.6211916208267212","10714","10714","10714"
"894","0.583017885684967","0.583017885684967","0.583017885684967","10726","10726","10726"
"895","0.699859082698822","0.699859082698822","0.699859082698822","10738","10738","10738"
"896","0.6377192735671997","0.6377192735671997","0.6377192735671997","10750","10750","10750"
"897","0.6524181365966797","0.6524181365966797","0.6524181365966797","10762","10762","10762"
"898","0.6052483320236206","0.6052483320236206","0.6052483320236206","10774","10774","10774"
"899","0.6261898875236511","0.6261898875236511","0.6261898875236511","10786","10786","10786"
"900","0.5122860670089722","0.5122860670089722","0.5122860670089722","10798","10798","10798"